M9 刺刀（★ StatTrak™） | 人工染色 (略有磨损)max,2305.13,M9 刺刀（★ StatTrak™） | 人工染色 (略有磨损)buff,1570,735.1300000000001
M9 刺刀（★ StatTrak™） | 传说 (久经沙场)max,7753.08,M9 刺刀（★ StatTrak™） | 传说 (久经沙场)buff,4157,3596.08
M9 刺刀（★ StatTrak™） | 传说 (略有磨损)buff,9348,M9 刺刀（★ StatTrak™） | 传说 (略有磨损)max,11190.92,-1842.92
M9 刺刀（★ StatTrak™） | 噩梦之夜 (久经沙场)max,2090.10,M9 刺刀（★ StatTrak™） | 噩梦之夜 (久经沙场)buff,1505,585.0999999999999
M9 刺刀（★ StatTrak™） | 人工染色 (略有磨损)max,2305.13,M9 刺刀（★ StatTrak™） | 人工染色 (略有磨损)buff,1570,735.1300000000001
M9 刺刀（★ StatTrak™） | 传说 (久经沙场)max,7753.08,M9 刺刀（★ StatTrak™） | 传说 (久经沙场)buff,4157,3596.08
M9 刺刀（★ StatTrak™） | 传说 (略有磨损)buff,9348,M9 刺刀（★ StatTrak™） | 传说 (略有磨损)max,11190.92,-1842.92
M9 刺刀（★ StatTrak™） | 噩梦之夜 (久经沙场)max,2090.10,M9 刺刀（★ StatTrak™） | 噩梦之夜 (久经沙场)buff,1505,585.0999999999999
M9 刺刀（★ StatTrak™） | 外表生锈 (战痕累累)max,2123.88,M9 刺刀（★ StatTrak™） | 外表生锈 (战痕累累)buff,1479,644.8800000000001
M9 刺刀（★ StatTrak™） | 多普勒 (崭新出厂)max,5040.43,M9 刺刀（★ StatTrak™） | 多普勒 (崭新出厂)buff,3199,1841.4300000000003
M9 刺刀（★ StatTrak™） | 枯焦之色 (久经沙场)max,1786.58,M9 刺刀（★ StatTrak™） | 枯焦之色 (久经沙场)buff,1300,486.5799999999999
M9 刺刀（★ StatTrak™） | 深红之网 (战痕累累)max,2979.17,M9 刺刀（★ StatTrak™） | 深红之网 (战痕累累)buff,2400,579.1700000000001
M9 刺刀（★ StatTrak™） | 渐变之色 (崭新出厂)max,8254.68,M9 刺刀（★ StatTrak™） | 渐变之色 (崭新出厂)buff,5600,2654.6800000000003
M9 刺刀（★ StatTrak™） | 澄澈之水 (崭新出厂)max,3501.15,M9 刺刀（★ StatTrak™） | 澄澈之水 (崭新出厂)buff,2300,1201.15
M9 刺刀（★ StatTrak™） | 澄澈之水 (略有磨损)max,3205.35,M9 刺刀（★ StatTrak™） | 澄澈之水 (略有磨损)buff,2100,1105.35
M9 刺刀（★ StatTrak™） | 自动化 (久经沙场)max,6740.11,M9 刺刀（★ StatTrak™） | 自动化 (久经沙场)buff,3266,3474.1099999999997
M9 刺刀（★ StatTrak™） | 自由之手 (久经沙场)max,2683.15,M9 刺刀（★ StatTrak™） | 自由之手 (久经沙场)buff,1710,973.1500000000001
M9 刺刀（★ StatTrak™） | 致命紫罗兰 (久经沙场)max,2143.35,M9 刺刀（★ StatTrak™） | 致命紫罗兰 (久经沙场)buff,1520,623.3499999999999
M9 刺刀（★ StatTrak™） | 都市伪装 (久经沙场)max,1922.38,M9 刺刀（★ StatTrak™） | 都市伪装 (久经沙场)buff,1285,637.3800000000001
M9 刺刀（★ StatTrak™） | 黑色层压板 (久经沙场)max,3876.61,M9 刺刀（★ StatTrak™） | 黑色层压板 (久经沙场)buff,2445,1431.6100000000001
M9 刺刀（★ StatTrak™） | 黑色层压板 (破损不堪)max,2646.26,M9 刺刀（★ StatTrak™） | 黑色层压板 (破损不堪)buff,2399.49,246.77000000000044
M9 刺刀（★）max,4684.74,M9 刺刀（★）buff,3230,1454.7399999999998
M9 刺刀（★） | 人工染色 (略有磨损)max,2191.11,M9 刺刀（★） | 人工染色 (略有磨损)buff,1539,652.1100000000001
M9 刺刀（★） | 传说 (久经沙场)max,5695.10,M9 刺刀（★） | 传说 (久经沙场)igxe,4437.03,1258.0700000000006
M9 刺刀（★） | 传说 (崭新出厂)max,12950.00,M9 刺刀（★） | 传说 (崭新出厂)igxe,12899.99,50.01000000000022
M9 刺刀（★） | 传说 (战痕累累)max,3094.03,M9 刺刀（★） | 传说 (战痕累累)buff,2127,967.0300000000002
M9 刺刀（★） | 传说 (略有磨损)igxe,9690.00,M9 刺刀（★） | 传说 (略有磨损)max,10860.92,-1170.92
M9 刺刀（★） | 传说 (破损不堪)max,5271.83,M9 刺刀（★） | 传说 (破损不堪)igxe,3041.90,2229.93
M9 刺刀（★） | 伽玛多普勒 (崭新出厂)igxe,4194.66,M9 刺刀（★） | 伽玛多普勒 (崭新出厂)max,10307.05,-6112.389999999999
M9 刺刀（★） | 伽玛多普勒 (略有磨损)igxe,5500.00,M9 刺刀（★） | 伽玛多普勒 (略有磨损)buff,3729.98,1770.02
M9 刺刀（★） | 北方森林 (久经沙场)max,1909.34,M9 刺刀（★） | 北方森林 (久经沙场)buff,1328,581.3399999999999
M9 刺刀（★） | 北方森林 (破损不堪)max,1567.76,M9 刺刀（★） | 北方森林 (破损不堪)buff,1248,319.76
M9 刺刀（★） | 噩梦之夜 (久经沙场)max,2015.70,M9 刺刀（★） | 噩梦之夜 (久经沙场)buff,1519.3,496.4000000000001
M9 刺刀（★） | 噩梦之夜 (战痕累累)max,2022.53,M9 刺刀（★） | 噩梦之夜 (战痕累累)buff,1425,597.53
M9 刺刀（★） | 外表生锈 (战痕累累)max,1919.71,M9 刺刀（★） | 外表生锈 (战痕累累)buff,1473.5,446.21000000000004
M9 刺刀（★） | 多普勒 (崭新出厂)max,4125.80,M9 刺刀（★） | 多普勒 (崭新出厂)buff,3128,997.8000000000002
M9 刺刀（★） | 多普勒 (略有磨损)max,4520.70,M9 刺刀（★） | 多普勒 (略有磨损)buff,3039,1481.6999999999998
M9 刺刀（★） | 大马士革钢 (久经沙场)max,2519.25,M9 刺刀（★） | 大马士革钢 (久经沙场)buff,1768,751.25
M9 刺刀（★） | 大马士革钢 (崭新出厂)max,3509.67,M9 刺刀（★） | 大马士革钢 (崭新出厂)buff,2129.5,1380.17
M9 刺刀（★） | 大马士革钢 (略有磨损)max,3013.09,M9 刺刀（★） | 大马士革钢 (略有磨损)buff,1946.9,1066.19
M9 刺刀（★） | 大马士革钢 (破损不堪)max,2864.44,M9 刺刀（★） | 大马士革钢 (破损不堪)buff,1680,1184.44
M9 刺刀（★） | 屠夫 (略有磨损)max,4415.27,M9 刺刀（★） | 屠夫 (略有磨损)buff,3048,1367.2700000000004
M9 刺刀（★） | 枯焦之色 (久经沙场)max,1705.50,M9 刺刀（★） | 枯焦之色 (久经沙场)buff,1230,475.5
M9 刺刀（★） | 枯焦之色 (略有磨损)max,1786.58,M9 刺刀（★） | 枯焦之色 (略有磨损)buff,1294.5,492.0799999999999
M9 刺刀（★） | 枯焦之色 (破损不堪)max,3108.95,M9 刺刀（★） | 枯焦之色 (破损不堪)igxe,1200.00,1908.9499999999998
M9 刺刀（★） | 森林 DDPAT (久经沙场)max,1682.55,M9 刺刀（★） | 森林 DDPAT (久经沙场)buff,1249,433.54999999999995
M9 刺刀（★） | 森林 DDPAT (略有磨损)max,2056.18,M9 刺刀（★） | 森林 DDPAT (略有磨损)igxe,1465.00,591.1799999999998
M9 刺刀（★） | 深红之网 (久经沙场)max,2998.17,M9 刺刀（★） | 深红之网 (久经沙场)buff,2400,598.1700000000001
M9 刺刀（★） | 深红之网 (崭新出厂)igxe,45000.00,M9 刺刀（★） | 深红之网 (崭新出厂)buff,38888,6112.0
M9 刺刀（★） | 深红之网 (战痕累累)max,4371.12,M9 刺刀（★） | 深红之网 (战痕累累)buff,1996.45,2374.67
M9 刺刀（★） | 深红之网 (略有磨损)max,9918.37,M9 刺刀（★） | 深红之网 (略有磨损)buff,6659.5,3258.870000000001
M9 刺刀（★） | 深红之网 (破损不堪)max,3736.99,M9 刺刀（★） | 深红之网 (破损不堪)igxe,2013.96,1723.0299999999997
M9 刺刀（★） | 渐变之色 (崭新出厂)max,7078.95,M9 刺刀（★） | 渐变之色 (崭新出厂)buff,5390,1688.9499999999998
M9 刺刀（★） | 渐变大理石 (崭新出厂)max,8075.06,M9 刺刀（★） | 渐变大理石 (崭新出厂)buff,5145,2930.0600000000004
M9 刺刀（★） | 澄澈之水 (久经沙场)max,2556.91,M9 刺刀（★） | 澄澈之水 (久经沙场)buff,1775,781.9099999999999
M9 刺刀（★） | 澄澈之水 (崭新出厂)max,3861.89,M9 刺刀（★） | 澄澈之水 (崭新出厂)buff,2307.4,1554.4899999999998
M9 刺刀（★） | 澄澈之水 (略有磨损)max,4146.27,M9 刺刀（★） | 澄澈之水 (略有磨损)buff,2050,2096.2700000000004
M9 刺刀（★） | 狩猎网格 (久经沙场)max,1432.29,M9 刺刀（★） | 狩猎网格 (久经沙场)buff,1211.5,220.78999999999996
M9 刺刀（★） | 狩猎网格 (略有磨损)max,1913.28,M9 刺刀（★） | 狩猎网格 (略有磨损)buff,1300,613.28
M9 刺刀（★） | 自动化 (久经沙场)max,4379.08,M9 刺刀（★） | 自动化 (久经沙场)buff,3230,1149.08
M9 刺刀（★） | 自动化 (崭新出厂)igxe,5648.00,M9 刺刀（★） | 自动化 (崭新出厂)max,10112.84,-4464.84
M9 刺刀（★） | 自动化 (战痕累累)max,4012.81,M9 刺刀（★） | 自动化 (战痕累累)buff,2689,1323.81
M9 刺刀（★） | 自动化 (略有磨损)max,5439.15,M9 刺刀（★） | 自动化 (略有磨损)buff,3970,1469.1499999999996
M9 刺刀（★） | 自由之手 (久经沙场)max,2356.42,M9 刺刀（★） | 自由之手 (久经沙场)buff,1714,642.4200000000001
M9 刺刀（★） | 自由之手 (崭新出厂)max,2836.28,M9 刺刀（★） | 自由之手 (崭新出厂)buff,2069,767.2800000000002
M9 刺刀（★） | 自由之手 (略有磨损)max,2461.65,M9 刺刀（★） | 自由之手 (略有磨损)buff,1899,562.6500000000001
M9 刺刀（★） | 致命紫罗兰 (久经沙场)max,2110.57,M9 刺刀（★） | 致命紫罗兰 (久经沙场)buff,1545,565.5700000000002
M9 刺刀（★） | 致命紫罗兰 (战痕累累)max,2137.26,M9 刺刀（★） | 致命紫罗兰 (战痕累累)buff,1414,723.2600000000002
M9 刺刀（★） | 致命紫罗兰 (略有磨损)max,3039.51,M9 刺刀（★） | 致命紫罗兰 (略有磨损)buff,2331,708.5100000000002
M9 刺刀（★） | 蓝钢 (久经沙场)max,2175.66,M9 刺刀（★） | 蓝钢 (久经沙场)buff,1749.5,426.15999999999985
M9 刺刀（★） | 蓝钢 (战痕累累)max,2364.71,M9 刺刀（★） | 蓝钢 (战痕累累)buff,1770,594.71
M9 刺刀（★） | 蓝钢 (略有磨损)max,3033.83,M9 刺刀（★） | 蓝钢 (略有磨损)igxe,1879.34,1154.49
M9 刺刀（★） | 蓝钢 (破损不堪)max,2338.82,M9 刺刀（★） | 蓝钢 (破损不堪)buff,1723.08,615.7400000000002
M9 刺刀（★） | 虎牙 (崭新出厂)max,4500.77,M9 刺刀（★） | 虎牙 (崭新出厂)buff,3530,970.7700000000004
M9 刺刀（★） | 虎牙 (略有磨损)max,5865.42,M9 刺刀（★） | 虎牙 (略有磨损)buff,3448,2417.42
M9 刺刀（★） | 表面淬火 (久经沙场)max,2803.90,M9 刺刀（★） | 表面淬火 (久经沙场)buff,1979,824.9000000000001
M9 刺刀（★） | 表面淬火 (战痕累累)max,2480.98,M9 刺刀（★） | 表面淬火 (战痕累累)buff,1693,787.98
M9 刺刀（★） | 表面淬火 (略有磨损)max,3294.13,M9 刺刀（★） | 表面淬火 (略有磨损)buff,2262.8,1031.33
M9 刺刀（★） | 都市伪装 (久经沙场)max,1717.74,M9 刺刀（★） | 都市伪装 (久经沙场)buff,1240,477.74
M9 刺刀（★） | 黑色层压板 (战痕累累)max,3772.18,M9 刺刀（★） | 黑色层压板 (战痕累累)buff,2428,1344.1799999999998
M9 刺刀（★） | 黑色层压板 (略有磨损)max,3605.80,M9 刺刀（★） | 黑色层压板 (略有磨损)igxe,2656.00,949.8000000000002
M9 刺刀（★） | 黑色层压板 (破损不堪)max,3749.50,M9 刺刀（★） | 黑色层压板 (破损不堪)buff,2409,1340.5
刺刀（★ StatTrak™）max,3809.71,刺刀（★ StatTrak™）buff,2460,1349.71
刺刀（★ StatTrak™） | 人工染色 (破损不堪)max,1919.04,刺刀（★ StatTrak™） | 人工染色 (破损不堪)buff,1150,769.04
刺刀（★ StatTrak™） | 传说 (久经沙场)max,3410.66,刺刀（★ StatTrak™） | 传说 (久经沙场)buff,2320,1090.6599999999999
刺刀（★ StatTrak™） | 传说 (略有磨损)max,6402.14,刺刀（★ StatTrak™） | 传说 (略有磨损)buff,3849,2553.1400000000003
刺刀（★ StatTrak™） | 伽玛多普勒 (崭新出厂)max,4728.62,刺刀（★ StatTrak™） | 伽玛多普勒 (崭新出厂)buff,3050,1678.62
刺刀（★ StatTrak™） | 多普勒 (崭新出厂)max,3331.79,刺刀（★ StatTrak™） | 多普勒 (崭新出厂)buff,2457.5,874.29
刺刀（★ StatTrak™） | 大马士革钢 (久经沙场)max,2207.37,刺刀（★ StatTrak™） | 大马士革钢 (久经沙场)buff,1275,932.3699999999999
刺刀（★ StatTrak™） | 大马士革钢 (略有磨损)max,2269.11,刺刀（★ StatTrak™） | 大马士革钢 (略有磨损)buff,1499,770.1100000000001
刺刀（★ StatTrak™） | 屠夫 (久经沙场)max,2325.91,刺刀（★ StatTrak™） | 屠夫 (久经沙场)buff,1978,347.90999999999985
刺刀（★ StatTrak™） | 深红之网 (略有磨损)max,9884.36,刺刀（★ StatTrak™） | 深红之网 (略有磨损)buff,2785,7099.360000000001
刺刀（★ StatTrak™） | 澄澈之水 (久经沙场)max,1860.77,刺刀（★ StatTrak™） | 澄澈之水 (久经沙场)buff,1150,710.77
刺刀（★ StatTrak™） | 澄澈之水 (崭新出厂)max,2894.08,刺刀（★ StatTrak™） | 澄澈之水 (崭新出厂)buff,1630,1264.08
刺刀（★ StatTrak™） | 澄澈之水 (略有磨损)max,4105.99,刺刀（★ StatTrak™） | 澄澈之水 (略有磨损)buff,1379,2726.99
刺刀（★ StatTrak™） | 狩猎网格 (战痕累累)max,1483.26,刺刀（★ StatTrak™） | 狩猎网格 (战痕累累)max,1483.26,0.0
刺刀（★ StatTrak™） | 狩猎网格 (略有磨损)max,1526.48,刺刀（★ StatTrak™） | 狩猎网格 (略有磨损)buff,1050,476.48
刺刀（★ StatTrak™） | 自动化 (久经沙场)max,3101.26,刺刀（★ StatTrak™） | 自动化 (久经沙场)buff,2134.5,966.7600000000002
刺刀（★ StatTrak™） | 自动化 (略有磨损)max,4408.78,刺刀（★ StatTrak™） | 自动化 (略有磨损)buff,2700,1708.7799999999997
刺刀（★ StatTrak™） | 自由之手 (略有磨损)max,2348.92,刺刀（★ StatTrak™） | 自由之手 (略有磨损)buff,1540,808.9200000000001
刺刀（★ StatTrak™） | 虎牙 (崭新出厂)max,3741.74,刺刀（★ StatTrak™） | 虎牙 (崭新出厂)buff,2399.99,1341.75
刺刀（★ StatTrak™） | 表面淬火 (久经沙场)max,2546.88,刺刀（★ StatTrak™） | 表面淬火 (久经沙场)igxe,1731.55,815.3300000000002
刺刀（★）max,3679.39,刺刀（★）buff,2459.49,1219.9
刺刀（★） | 人工染色 (久经沙场)max,1483.13,刺刀（★） | 人工染色 (久经沙场)buff,1070,413.1300000000001
刺刀（★） | 人工染色 (略有磨损)max,1767.71,刺刀（★） | 人工染色 (略有磨损)igxe,1134.00,633.71
刺刀（★） | 传说 (久经沙场)max,3214.38,刺刀（★） | 传说 (久经沙场)buff,2371.77,842.6100000000001
刺刀（★） | 传说 (略有磨损)max,5509.32,刺刀（★） | 传说 (略有磨损)buff,3725,1784.3199999999997
刺刀（★） | 传说 (破损不堪)max,3869.85,刺刀（★） | 传说 (破损不堪)buff,2034,1835.85
刺刀（★） | 伽玛多普勒 (崭新出厂)max,4153.03,刺刀（★） | 伽玛多普勒 (崭新出厂)igxe,2822.00,1331.0299999999997
刺刀（★） | 北方森林 (久经沙场)igxe,835.00,刺刀（★） | 北方森林 (久经沙场)max,1171.05,-336.04999999999995
刺刀（★） | 北方森林 (战痕累累)igxe,830.00,刺刀（★） | 北方森林 (战痕累累)max,1107.97,-277.97
刺刀（★） | 北方森林 (略有磨损)buff,980,刺刀（★） | 北方森林 (略有磨损)igxe,1019.87,-39.870000000000005
刺刀（★） | 北方森林 (破损不堪)igxe,859.33,刺刀（★） | 北方森林 (破损不堪)max,1206.84,-347.5099999999999
刺刀（★） | 噩梦之夜 (久经沙场)igxe,969.00,刺刀（★） | 噩梦之夜 (久经沙场)max,1146.16,-177.16000000000008
刺刀（★） | 噩梦之夜 (战痕累累)igxe,999.00,刺刀（★） | 噩梦之夜 (战痕累累)max,1459.58,-460.5799999999999
刺刀（★） | 外表生锈 (战痕累累)buff,995.38,刺刀（★） | 外表生锈 (战痕累累)igxe,1022.92,-27.539999999999964
刺刀（★） | 多普勒 (崭新出厂)max,3246.43,刺刀（★） | 多普勒 (崭新出厂)buff,2190,1056.4299999999998
刺刀（★） | 多普勒 (略有磨损)max,3257.06,刺刀（★） | 多普勒 (略有磨损)igxe,2218.78,1038.2799999999997
刺刀（★） | 大马士革钢 (久经沙场)max,1887.33,刺刀（★） | 大马士革钢 (久经沙场)buff,1264,623.3299999999999
刺刀（★） | 大马士革钢 (崭新出厂)max,2288.31,刺刀（★） | 大马士革钢 (崭新出厂)buff,1565,723.31
刺刀（★） | 大马士革钢 (略有磨损)max,2417.63,刺刀（★） | 大马士革钢 (略有磨损)buff,1425,992.6300000000001
刺刀（★） | 屠夫 (久经沙场)max,2286.58,刺刀（★） | 屠夫 (久经沙场)buff,1684.5,602.0799999999999
刺刀（★） | 屠夫 (略有磨损)max,2864.44,刺刀（★） | 屠夫 (略有磨损)buff,2029,835.44
刺刀（★） | 枯焦之色 (久经沙场)igxe,844.00,刺刀（★） | 枯焦之色 (久经沙场)max,1060.00,-216.0
刺刀（★） | 枯焦之色 (战痕累累)igxe,848.90,刺刀（★） | 枯焦之色 (战痕累累)max,1206.91,-358.0100000000001
刺刀（★） | 枯焦之色 (略有磨损)igxe,975.00,刺刀（★） | 枯焦之色 (略有磨损)max,1274.27,-299.27
刺刀（★） | 森林 DDPAT (久经沙场)igxe,850.00,刺刀（★） | 森林 DDPAT (久经沙场)max,1208.45,-358.45000000000005
刺刀（★） | 森林 DDPAT (略有磨损)buff,955,刺刀（★） | 森林 DDPAT (略有磨损)igxe,1020.00,-65.0
刺刀（★） | 深红之网 (久经沙场)max,1861.91,刺刀（★） | 深红之网 (久经沙场)buff,1334,527.9100000000001
刺刀（★） | 深红之网 (战痕累累)max,1921.45,刺刀（★） | 深红之网 (战痕累累)buff,1299.4,622.05
刺刀（★） | 深红之网 (略有磨损)max,3831.45,刺刀（★） | 深红之网 (略有磨损)buff,2323,1508.4499999999998
刺刀（★） | 深红之网 (破损不堪)max,3575.17,刺刀（★） | 深红之网 (破损不堪)buff,1294,2281.17
刺刀（★） | 渐变之色 (崭新出厂)max,4651.89,刺刀（★） | 渐变之色 (崭新出厂)buff,3448.5,1203.3900000000003
刺刀（★） | 渐变大理石 (崭新出厂)max,4607.20,刺刀（★） | 渐变大理石 (崭新出厂)buff,3040,1567.1999999999998
刺刀（★） | 澄澈之水 (久经沙场)max,1546.88,刺刀（★） | 澄澈之水 (久经沙场)buff,1159,387.8800000000001
刺刀（★） | 澄澈之水 (崭新出厂)max,2195.53,刺刀（★） | 澄澈之水 (崭新出厂)buff,1559.5,636.0300000000002
刺刀（★） | 澄澈之水 (战痕累累)max,2109.96,刺刀（★） | 澄澈之水 (战痕累累)buff,1111,998.96
刺刀（★） | 澄澈之水 (略有磨损)max,1909.67,刺刀（★） | 澄澈之水 (略有磨损)igxe,1339.00,570.6700000000001
刺刀（★） | 澄澈之水 (破损不堪)max,1465.27,刺刀（★） | 澄澈之水 (破损不堪)buff,1101,364.27
刺刀（★） | 狩猎网格 (久经沙场)igxe,822.00,刺刀（★） | 狩猎网格 (久经沙场)max,1101.88,-279.8800000000001
刺刀（★） | 狩猎网格 (略有磨损)igxe,898.80,刺刀（★） | 狩猎网格 (略有磨损)max,1617.66,-718.8600000000001
刺刀（★） | 自动化 (久经沙场)max,2879.56,刺刀（★） | 自动化 (久经沙场)buff,2126.5,753.06
刺刀（★） | 自动化 (崭新出厂)max,6524.30,刺刀（★） | 自动化 (崭新出厂)buff,4000,2524.3
刺刀（★） | 自动化 (战痕累累)max,2613.64,刺刀（★） | 自动化 (战痕累累)buff,1747.5,866.1399999999999
刺刀（★） | 自动化 (略有磨损)max,3391.46,刺刀（★） | 自动化 (略有磨损)buff,2628.5,762.96
刺刀（★） | 自由之手 (久经沙场)max,1617.66,刺刀（★） | 自由之手 (久经沙场)buff,1283,334.6600000000001
刺刀（★） | 自由之手 (崭新出厂)max,2194.19,刺刀（★） | 自由之手 (崭新出厂)buff,1627,567.19
刺刀（★） | 自由之手 (略有磨损)max,1964.46,刺刀（★） | 自由之手 (略有磨损)igxe,1475.00,489.46000000000004
刺刀（★） | 自由之手 (破损不堪)max,1818.56,刺刀（★） | 自由之手 (破损不堪)buff,1110,708.56
刺刀（★） | 致命紫罗兰 (久经沙场)igxe,938.99,刺刀（★） | 致命紫罗兰 (久经沙场)max,1151.85,-212.8599999999999
刺刀（★） | 致命紫罗兰 (战痕累累)igxe,925.54,刺刀（★） | 致命紫罗兰 (战痕累累)max,1694.86,-769.3199999999999
刺刀（★） | 致命紫罗兰 (略有磨损)max,1832.07,刺刀（★） | 致命紫罗兰 (略有磨损)buff,1279.9,552.1699999999998
刺刀（★） | 致命紫罗兰 (破损不堪)igxe,926.00,刺刀（★） | 致命紫罗兰 (破损不堪)max,1250.99,-324.99
刺刀（★） | 蓝钢 (久经沙场)max,1657.27,刺刀（★） | 蓝钢 (久经沙场)igxe,1170.00,487.27
刺刀（★） | 蓝钢 (战痕累累)max,1546.88,刺刀（★） | 蓝钢 (战痕累累)buff,1099.5,447.3800000000001
刺刀（★） | 蓝钢 (略有磨损)max,1683.76,刺刀（★） | 蓝钢 (略有磨损)buff,1258.5,425.26
刺刀（★） | 蓝钢 (破损不堪)max,1611.71,刺刀（★） | 蓝钢 (破损不堪)buff,1110,501.71000000000004
刺刀（★） | 虎牙 (崭新出厂)max,3451.81,刺刀（★） | 虎牙 (崭新出厂)buff,2309.5,1142.31
刺刀（★） | 虎牙 (略有磨损)max,3455.08,刺刀（★） | 虎牙 (略有磨损)buff,2270,1185.08
刺刀（★） | 表面淬火 (久经沙场)max,2354.61,刺刀（★） | 表面淬火 (久经沙场)buff,1509.5,845.1100000000001
刺刀（★） | 表面淬火 (略有磨损)max,2588.22,刺刀（★） | 表面淬火 (略有磨损)buff,1739,849.2199999999998
刺刀（★） | 表面淬火 (破损不堪)max,2098.39,刺刀（★） | 表面淬火 (破损不堪)igxe,1339.50,758.8899999999999
刺刀（★） | 都市伪装 (久经沙场)igxe,864.90,刺刀（★） | 都市伪装 (久经沙场)max,1050.30,-185.39999999999998
刺刀（★） | 都市伪装 (战痕累累)igxe,836.82,刺刀（★） | 都市伪装 (战痕累累)max,1188.04,-351.2199999999999
刺刀（★） | 都市伪装 (略有磨损)buff,974.99,刺刀（★） | 都市伪装 (略有磨损)igxe,1048.00,-73.00999999999999
刺刀（★） | 都市伪装 (破损不堪)buff,820.8,刺刀（★） | 都市伪装 (破损不堪)max,1154.12,-333.31999999999994
刺刀（★） | 黑色层压板 (久经沙场)max,1983.73,刺刀（★） | 黑色层压板 (久经沙场)buff,1350,633.73
刺刀（★） | 黑色层压板 (战痕累累)max,2008.48,刺刀（★） | 黑色层压板 (战痕累累)buff,1339.5,668.98
刺刀（★） | 黑色层压板 (略有磨损)max,2090.10,刺刀（★） | 黑色层压板 (略有磨损)buff,1440,650.0999999999999
刺刀（★） | 黑色层压板 (破损不堪)max,1815.48,刺刀（★） | 黑色层压板 (破损不堪)buff,1301,514.48
弯刀（★ StatTrak™）max,821.78,弯刀（★ StatTrak™）buff,673,148.77999999999997
弯刀（★ StatTrak™） | 人工染色 (略有磨损)igxe,888.00,弯刀（★ StatTrak™） | 人工染色 (略有磨损)buff,565,323.0
弯刀（★ StatTrak™） | 传说 (略有磨损)max,1999.05,弯刀（★ StatTrak™） | 传说 (略有磨损)buff,1058.9,940.1499999999999
弯刀（★ StatTrak™） | 伽玛多普勒 (崭新出厂)max,2040.66,弯刀（★ StatTrak™） | 伽玛多普勒 (崭新出厂)buff,1362,678.6600000000001
弯刀（★ StatTrak™） | 大马士革钢 (崭新出厂)igxe,998.00,弯刀（★ StatTrak™） | 大马士革钢 (崭新出厂)max,1353.08,-355.0799999999999
弯刀（★ StatTrak™） | 枯焦之色 (战痕累累)max,754.28,弯刀（★ StatTrak™） | 枯焦之色 (战痕累累)buff,440,314.28
弯刀（★ StatTrak™） | 森林 DDPAT (久经沙场)max,821.84,弯刀（★ StatTrak™） | 森林 DDPAT (久经沙场)igxe,445.00,376.84000000000003
弯刀（★ StatTrak™） | 渐变之色 (崭新出厂)max,1854.08,弯刀（★ StatTrak™） | 渐变之色 (崭新出厂)buff,1260,594.0799999999999
弯刀（★ StatTrak™） | 澄澈之水 (略有磨损)max,950.22,弯刀（★ StatTrak™） | 澄澈之水 (略有磨损)buff,642,308.22
弯刀（★ StatTrak™） | 澄澈之水 (破损不堪)max,982.45,弯刀（★ StatTrak™） | 澄澈之水 (破损不堪)buff,529.98,452.47
弯刀（★ StatTrak™） | 狩猎网格 (久经沙场)max,622.75,弯刀（★ StatTrak™） | 狩猎网格 (久经沙场)buff,400,222.75
弯刀（★ StatTrak™） | 自动化 (久经沙场)igxe,900.00,弯刀（★ StatTrak™） | 自动化 (久经沙场)max,1110.51,-210.51
弯刀（★ StatTrak™） | 致命紫罗兰 (久经沙场)max,735.88,弯刀（★ StatTrak™） | 致命紫罗兰 (久经沙场)buff,532,203.88
弯刀（★ StatTrak™） | 蓝钢 (久经沙场)max,927.81,弯刀（★ StatTrak™） | 蓝钢 (久经沙场)buff,697.9,229.90999999999997
弯刀（★ StatTrak™） | 都市伪装 (战痕累累)max,703.17,弯刀（★ StatTrak™） | 都市伪装 (战痕累累)buff,494.87,208.29999999999995
弯刀（★ StatTrak™） | 黑色层压板 (战痕累累)max,797.09,弯刀（★ StatTrak™） | 黑色层压板 (战痕累累)buff,529.5,267.59000000000003
弯刀（★ StatTrak™） | 黑色层压板 (略有磨损)max,831.41,弯刀（★ StatTrak™） | 黑色层压板 (略有磨损)buff,602.9,228.51
弯刀（★）max,720.22,弯刀（★）buff,568.3,151.92000000000007
弯刀（★） | 人工染色 (久经沙场)max,568.50,弯刀（★） | 人工染色 (久经沙场)buff,398.99,169.51
弯刀（★） | 人工染色 (战痕累累)max,559.07,弯刀（★） | 人工染色 (战痕累累)buff,409.94,149.13000000000005
弯刀（★） | 人工染色 (略有磨损)max,537.99,弯刀（★） | 人工染色 (略有磨损)buff,438.7,99.29000000000002
弯刀（★） | 传说 (久经沙场)igxe,780.00,弯刀（★） | 传说 (久经沙场)max,1019.79,-239.78999999999996
弯刀（★） | 传说 (崭新出厂)max,1651.65,弯刀（★） | 传说 (崭新出厂)buff,1109,542.6500000000001
弯刀（★） | 传说 (略有磨损)igxe,908.00,弯刀（★） | 传说 (略有磨损)max,1272.74,-364.74
弯刀（★） | 传说 (破损不堪)buff,760,弯刀（★） | 传说 (破损不堪)max,1179.95,-419.95000000000005
弯刀（★） | 伽玛多普勒 (崭新出厂)max,1573.11,弯刀（★） | 伽玛多普勒 (崭新出厂)buff,1229.9,343.2099999999998
弯刀（★） | 伽玛多普勒 (略有磨损)max,1977.77,弯刀（★） | 伽玛多普勒 (略有磨损)buff,1333.97,643.8
弯刀（★） | 北方森林 (久经沙场)max,511.97,弯刀（★） | 北方森林 (久经沙场)igxe,443.42,68.55000000000001
弯刀（★） | 北方森林 (战痕累累)max,537.53,弯刀（★） | 北方森林 (战痕累累)buff,395.95,141.57999999999998
弯刀（★） | 噩梦之夜 (战痕累累)max,531.10,弯刀（★） | 噩梦之夜 (战痕累累)buff,410.49,120.61000000000001
弯刀（★） | 外表生锈 (战痕累累)max,529.97,弯刀（★） | 外表生锈 (战痕累累)buff,396.5,133.47000000000003
弯刀（★） | 外表生锈 (破损不堪)max,585.36,弯刀（★） | 外表生锈 (破损不堪)buff,449.49,135.87
弯刀（★） | 多普勒 (崭新出厂)max,1508.22,弯刀（★） | 多普勒 (崭新出厂)buff,1174,334.22
弯刀（★） | 大马士革钢 (久经沙场)max,775.28,弯刀（★） | 大马士革钢 (久经沙场)buff,557.5,217.77999999999997
弯刀（★） | 大马士革钢 (崭新出厂)max,959.65,弯刀（★） | 大马士革钢 (崭新出厂)buff,691.5,268.15
弯刀（★） | 大马士革钢 (破损不堪)max,786.99,弯刀（★） | 大马士革钢 (破损不堪)buff,537,249.99
弯刀（★） | 屠夫 (崭新出厂)igxe,940.00,弯刀（★） | 屠夫 (崭新出厂)max,1341.71,-401.71000000000004
弯刀（★） | 屠夫 (略有磨损)igxe,847.80,弯刀（★） | 屠夫 (略有磨损)max,1145.83,-298.03
弯刀（★） | 枯焦之色 (略有磨损)max,572.05,弯刀（★） | 枯焦之色 (略有磨损)buff,419,153.04999999999995
弯刀（★） | 森林 DDPAT (久经沙场)max,527.76,弯刀（★） | 森林 DDPAT (久经沙场)buff,401.5,126.25999999999999
弯刀（★） | 森林 DDPAT (略有磨损)max,591.85,弯刀（★） | 森林 DDPAT (略有磨损)buff,427.5,164.35000000000002
弯刀（★） | 深红之网 (久经沙场)max,912.29,弯刀（★） | 深红之网 (久经沙场)igxe,677.49,234.79999999999995
弯刀（★） | 渐变之色 (崭新出厂)max,1415.83,弯刀（★） | 渐变之色 (崭新出厂)buff,1085,330.8299999999999
弯刀（★） | 渐变大理石 (崭新出厂)max,1452.49,弯刀（★） | 渐变大理石 (崭新出厂)buff,1074,378.49
弯刀（★） | 澄澈之水 (久经沙场)max,686.91,弯刀（★） | 澄澈之水 (久经沙场)buff,504,182.90999999999997
弯刀（★） | 澄澈之水 (崭新出厂)max,863.79,弯刀（★） | 澄澈之水 (崭新出厂)buff,588,275.78999999999996
弯刀（★） | 澄澈之水 (略有磨损)max,805.25,弯刀（★） | 澄澈之水 (略有磨损)buff,555,250.25
弯刀（★） | 狩猎网格 (久经沙场)max,492.37,弯刀（★） | 狩猎网格 (久经沙场)buff,385,107.37
弯刀（★） | 狩猎网格 (战痕累累)max,562.48,弯刀（★） | 狩猎网格 (战痕累累)buff,398.4,164.08000000000004
弯刀（★） | 自动化 (久经沙场)max,934.23,弯刀（★） | 自动化 (久经沙场)buff,698.5,235.73000000000002
弯刀（★） | 自动化 (略有磨损)igxe,899.00,弯刀（★） | 自动化 (略有磨损)max,1154.93,-255.93000000000006
弯刀（★） | 自由之手 (久经沙场)max,775.28,弯刀（★） | 自由之手 (久经沙场)buff,560.5,214.77999999999997
弯刀（★） | 自由之手 (崭新出厂)max,991.09,弯刀（★） | 自由之手 (崭新出厂)buff,683.9,307.19000000000005
弯刀（★） | 自由之手 (略有磨损)max,902.92,弯刀（★） | 自由之手 (略有磨损)buff,608,294.91999999999996
弯刀（★） | 自由之手 (破损不堪)max,866.20,弯刀（★） | 自由之手 (破损不堪)buff,595.67,270.5300000000001
弯刀（★） | 致命紫罗兰 (久经沙场)max,677.94,弯刀（★） | 致命紫罗兰 (久经沙场)buff,468.9,209.04000000000008
弯刀（★） | 致命紫罗兰 (战痕累累)max,573.52,弯刀（★） | 致命紫罗兰 (战痕累累)buff,420,153.51999999999998
弯刀（★） | 致命紫罗兰 (略有磨损)max,819.37,弯刀（★） | 致命紫罗兰 (略有磨损)buff,598.99,220.38
弯刀（★） | 致命紫罗兰 (破损不堪)max,647.37,弯刀（★） | 致命紫罗兰 (破损不堪)buff,459.99,187.38
弯刀（★） | 蓝钢 (略有磨损)max,795.35,弯刀（★） | 蓝钢 (略有磨损)buff,529,266.35
弯刀（★） | 蓝钢 (破损不堪)max,674.13,弯刀（★） | 蓝钢 (破损不堪)buff,489.99,184.14
弯刀（★） | 虎牙 (崭新出厂)igxe,916.75,弯刀（★） | 虎牙 (崭新出厂)max,1280.96,-364.21000000000004
弯刀（★） | 表面淬火 (久经沙场)max,892.22,弯刀（★） | 表面淬火 (久经沙场)buff,601,291.22
弯刀（★） | 表面淬火 (崭新出厂)max,1631.58,弯刀（★） | 表面淬火 (崭新出厂)buff,1274.97,356.6099999999999
弯刀（★） | 表面淬火 (战痕累累)igxe,717.95,弯刀（★） | 表面淬火 (战痕累累)buff,580,137.95000000000005
弯刀（★） | 表面淬火 (略有磨损)igxe,726.00,弯刀（★） | 表面淬火 (略有磨损)max,1030.03,-304.03
弯刀（★） | 表面淬火 (破损不堪)max,848.13,弯刀（★） | 表面淬火 (破损不堪)buff,579.47,268.65999999999997
弯刀（★） | 都市伪装 (久经沙场)max,550.44,弯刀（★） | 都市伪装 (久经沙场)igxe,411.50,138.94000000000005
弯刀（★） | 都市伪装 (战痕累累)max,571.98,弯刀（★） | 都市伪装 (战痕累累)buff,400,171.98000000000002
弯刀（★） | 都市伪装 (略有磨损)max,606.83,弯刀（★） | 都市伪装 (略有磨损)buff,474.5,132.33000000000004
弯刀（★） | 都市伪装 (破损不堪)max,573.25,弯刀（★） | 都市伪装 (破损不堪)buff,400,173.25
弯刀（★） | 黑色层压板 (久经沙场)max,645.50,弯刀（★） | 黑色层压板 (久经沙场)buff,460,185.5
弯刀（★） | 黑色层压板 (崭新出厂)igxe,950.00,弯刀（★） | 黑色层压板 (崭新出厂)max,1021.67,-71.66999999999996
弯刀（★） | 黑色层压板 (战痕累累)max,661.89,弯刀（★） | 黑色层压板 (战痕累累)buff,454,207.89
弯刀（★） | 黑色层压板 (略有磨损)max,713.27,弯刀（★） | 黑色层压板 (略有磨损)buff,490,223.26999999999998
折刀（★ StatTrak™） | 北方森林 (久经沙场)max,465.14,折刀（★ StatTrak™） | 北方森林 (久经沙场)buff,339.99,125.14999999999998
折刀（★ StatTrak™） | 多普勒 (崭新出厂)igxe,730.00,折刀（★ StatTrak™） | 多普勒 (崭新出厂)max,1108.77,-378.77
折刀（★ StatTrak™） | 屠夫 (略有磨损)max,890.01,折刀（★ StatTrak™） | 屠夫 (略有磨损)buff,566.65,323.36
折刀（★ StatTrak™） | 枯焦之色 (久经沙场)max,472.63,折刀（★ StatTrak™） | 枯焦之色 (久经沙场)buff,353.4,119.23000000000002
折刀（★ StatTrak™） | 森林 DDPAT (久经沙场)max,486.15,折刀（★ StatTrak™） | 森林 DDPAT (久经沙场)buff,318,168.14999999999998
折刀（★ StatTrak™） | 深红之网 (略有磨损)buff,823.99,折刀（★ StatTrak™） | 深红之网 (略有磨损)max,1085.82,-261.8299999999999
折刀（★ StatTrak™） | 渐变之色 (崭新出厂)buff,730,折刀（★ StatTrak™） | 渐变之色 (崭新出厂)igxe,1099.00,-369.0
折刀（★ StatTrak™） | 狩猎网格 (久经沙场)max,457.18,折刀（★ StatTrak™） | 狩猎网格 (久经沙场)buff,328.34,128.84000000000003
折刀（★ StatTrak™） | 蓝钢 (战痕累累)max,550.30,折刀（★ StatTrak™） | 蓝钢 (战痕累累)igxe,519.99,30.309999999999945
折刀（★ StatTrak™） | 蓝钢 (略有磨损)max,594.39,折刀（★ StatTrak™） | 蓝钢 (略有磨损)buff,449.99,144.39999999999998
折刀（★）max,441.93,折刀（★）max,441.93,0.0
折刀（★） | 人工染色 (战痕累累)max,458.92,折刀（★） | 人工染色 (战痕累累)buff,331.8,127.12
折刀（★） | 北方森林 (久经沙场)max,427.75,折刀（★） | 北方森林 (久经沙场)buff,314.5,113.25
折刀（★） | 北方森林 (崭新出厂)max,1348.40,折刀（★） | 北方森林 (崭新出厂)max,1348.40,0.0
折刀（★） | 外表生锈 (战痕累累)max,409.55,折刀（★） | 外表生锈 (战痕累累)buff,312.9,96.65000000000003
折刀（★） | 多普勒 (崭新出厂)max,792.14,折刀（★） | 多普勒 (崭新出厂)buff,585,207.14
折刀（★） | 夜色 (久经沙场)max,421.99,折刀（★） | 夜色 (久经沙场)igxe,316.00,105.99000000000001
折刀（★） | 夜色 (战痕累累)max,428.62,折刀（★） | 夜色 (战痕累累)buff,313.5,115.12
折刀（★） | 大马士革钢 (久经沙场)max,439.19,折刀（★） | 大马士革钢 (久经沙场)buff,330,109.19
折刀（★） | 大马士革钢 (崭新出厂)max,505.55,折刀（★） | 大马士革钢 (崭新出厂)buff,375,130.55
折刀（★） | 屠夫 (久经沙场)max,674.53,折刀（★） | 屠夫 (久经沙场)buff,485,189.52999999999997
折刀（★） | 屠夫 (崭新出厂)max,768.66,折刀（★） | 屠夫 (崭新出厂)buff,552,216.65999999999997
折刀（★） | 屠夫 (略有磨损)max,690.86,折刀（★） | 屠夫 (略有磨损)buff,497.2,193.66000000000003
折刀（★） | 枯焦之色 (战痕累累)max,410.29,折刀（★） | 枯焦之色 (战痕累累)buff,317,93.29000000000002
折刀（★） | 枯焦之色 (略有磨损)max,429.08,折刀（★） | 枯焦之色 (略有磨损)buff,334.47,94.60999999999996
折刀（★） | 枯焦之色 (破损不堪)max,427.88,折刀（★） | 枯焦之色 (破损不堪)buff,346.47,81.40999999999997
折刀（★） | 森林 DDPAT (久经沙场)max,424.60,折刀（★） | 森林 DDPAT (久经沙场)igxe,300.00,124.60000000000002
折刀（★） | 深红之网 (略有磨损)max,755.08,折刀（★） | 深红之网 (略有磨损)buff,537,218.08000000000004
折刀（★） | 渐变之色 (崭新出厂)max,943.93,折刀（★） | 渐变之色 (崭新出厂)buff,693,250.92999999999995
折刀（★） | 渐变大理石 (崭新出厂)max,767.92,折刀（★） | 渐变大理石 (崭新出厂)buff,583,184.91999999999996
折刀（★） | 狩猎网格 (久经沙场)max,399.38,折刀（★） | 狩猎网格 (久经沙场)buff,310.9,88.48000000000002
折刀（★） | 致命紫罗兰 (久经沙场)max,468.89,折刀（★） | 致命紫罗兰 (久经沙场)buff,345.5,123.38999999999999
折刀（★） | 致命紫罗兰 (战痕累累)max,437.45,折刀（★） | 致命紫罗兰 (战痕累累)buff,330,107.44999999999999
折刀（★） | 致命紫罗兰 (略有磨损)max,539.47,折刀（★） | 致命紫罗兰 (略有磨损)buff,400.46,139.01000000000005
折刀（★） | 蓝钢 (略有磨损)max,481.73,折刀（★） | 蓝钢 (略有磨损)buff,358.99,122.74000000000001
折刀（★） | 蓝钢 (破损不堪)max,451.56,折刀（★） | 蓝钢 (破损不堪)buff,333,118.56
折刀（★） | 虎牙 (崭新出厂)max,666.44,折刀（★） | 虎牙 (崭新出厂)igxe,506.96,159.48000000000008
折刀（★） | 表面淬火 (久经沙场)max,609.57,折刀（★） | 表面淬火 (久经沙场)igxe,448.60,160.97000000000003
折刀（★） | 表面淬火 (崭新出厂)buff,760,折刀（★） | 表面淬火 (崭新出厂)max,1875.49,-1115.49
折刀（★） | 表面淬火 (战痕累累)max,575.46,折刀（★） | 表面淬火 (战痕累累)buff,412.98,162.48000000000002
折刀（★） | 表面淬火 (略有磨损)max,690.99,折刀（★） | 表面淬火 (略有磨损)buff,498.5,192.49
折刀（★） | 表面淬火 (破损不堪)max,559.67,折刀（★） | 表面淬火 (破损不堪)buff,420,139.66999999999996
折叠刀（★ StatTrak™）buff,924.5,折叠刀（★ StatTrak™）max,1289.46,-364.96000000000004
折叠刀（★ StatTrak™） | 传说 (久经沙场)max,1887.80,折叠刀（★ StatTrak™） | 传说 (久经沙场)buff,1325,562.8
折叠刀（★ StatTrak™） | 传说 (崭新出厂)max,3357.61,折叠刀（★ StatTrak™） | 传说 (崭新出厂)buff,2461.5,896.1100000000001
折叠刀（★ StatTrak™） | 传说 (略有磨损)max,2864.44,折叠刀（★ StatTrak™） | 传说 (略有磨损)buff,1729.5,1134.94
折叠刀（★ StatTrak™） | 伽玛多普勒 (崭新出厂)max,3842.09,折叠刀（★ StatTrak™） | 伽玛多普勒 (崭新出厂)buff,2000,1842.0900000000001
折叠刀（★ StatTrak™） | 多普勒 (崭新出厂)max,2173.78,折叠刀（★ StatTrak™） | 多普勒 (崭新出厂)buff,1515,658.7800000000002
折叠刀（★ StatTrak™） | 大马士革钢 (久经沙场)igxe,750.00,折叠刀（★ StatTrak™） | 大马士革钢 (久经沙场)max,1016.45,-266.45000000000005
折叠刀（★ StatTrak™） | 屠夫 (略有磨损)max,2296.24,折叠刀（★ StatTrak™） | 屠夫 (略有磨损)buff,1520,776.2399999999998
折叠刀（★ StatTrak™） | 枯焦之色 (久经沙场)max,811.67,折叠刀（★ StatTrak™） | 枯焦之色 (久经沙场)buff,547,264.66999999999996
折叠刀（★ StatTrak™） | 森林 DDPAT (久经沙场)max,870.14,折叠刀（★ StatTrak™） | 森林 DDPAT (久经沙场)buff,594.99,275.15
折叠刀（★ StatTrak™） | 渐变之色 (崭新出厂)max,4342.69,折叠刀（★ StatTrak™） | 渐变之色 (崭新出厂)igxe,2629.00,1713.6899999999996
折叠刀（★ StatTrak™） | 澄澈之水 (久经沙场)igxe,850.00,折叠刀（★ StatTrak™） | 澄澈之水 (久经沙场)max,1142.48,-292.48
折叠刀（★ StatTrak™） | 澄澈之水 (崭新出厂)buff,959,折叠刀（★ StatTrak™） | 澄澈之水 (崭新出厂)igxe,1230.00,-271.0
折叠刀（★ StatTrak™） | 澄澈之水 (略有磨损)igxe,882.73,折叠刀（★ StatTrak™） | 澄澈之水 (略有磨损)max,1330.47,-447.74
折叠刀（★ StatTrak™） | 自动化 (久经沙场)max,1759.75,折叠刀（★ StatTrak™） | 自动化 (久经沙场)buff,1140,619.75
折叠刀（★ StatTrak™） | 自动化 (略有磨损)max,2392.01,折叠刀（★ StatTrak™） | 自动化 (略有磨损)buff,1409,983.0100000000002
折叠刀（★ StatTrak™） | 致命紫罗兰 (略有磨损)max,2164.08,折叠刀（★ StatTrak™） | 致命紫罗兰 (略有磨损)buff,1040,1124.08
折叠刀（★ StatTrak™） | 蓝钢 (略有磨损)igxe,888.00,折叠刀（★ StatTrak™） | 蓝钢 (略有磨损)max,1471.76,-583.76
折叠刀（★ StatTrak™） | 虎牙 (崭新出厂)max,2066.88,折叠刀（★ StatTrak™） | 虎牙 (崭新出厂)buff,1479,587.8800000000001
折叠刀（★ StatTrak™） | 表面淬火 (久经沙场)igxe,995.00,折叠刀（★ StatTrak™） | 表面淬火 (久经沙场)max,1382.05,-387.04999999999995
折叠刀（★ StatTrak™） | 黑色层压板 (战痕累累)igxe,899.00,折叠刀（★ StatTrak™） | 黑色层压板 (战痕累累)max,1241.23,-342.23
折叠刀（★ StatTrak™） | 黑色层压板 (略有磨损)igxe,920.00,折叠刀（★ StatTrak™） | 黑色层压板 (略有磨损)max,3402.70,-2482.7
折叠刀（★ StatTrak™） | 黑色层压板 (破损不堪)igxe,825.00,折叠刀（★ StatTrak™） | 黑色层压板 (破损不堪)max,1685.43,-860.4300000000001
折叠刀（★）buff,916,折叠刀（★）max,1215.80,-299.79999999999995
折叠刀（★） | 人工染色 (久经沙场)max,846.33,折叠刀（★） | 人工染色 (久经沙场)buff,628,218.33000000000004
折叠刀（★） | 人工染色 (略有磨损)max,927.81,折叠刀（★） | 人工染色 (略有磨损)buff,668,259.80999999999995
折叠刀（★） | 传说 (久经沙场)max,1841.90,折叠刀（★） | 传说 (久经沙场)buff,1328.5,513.4000000000001
折叠刀（★） | 传说 (崭新出厂)max,3027.14,折叠刀（★） | 传说 (崭新出厂)buff,2299.5,727.6399999999999
折叠刀（★） | 传说 (破损不堪)max,1624.15,折叠刀（★） | 传说 (破损不堪)buff,1200,424.1500000000001
折叠刀（★） | 伽玛多普勒 (崭新出厂)max,2561.26,折叠刀（★） | 伽玛多普勒 (崭新出厂)buff,1855,706.2600000000002
折叠刀（★） | 北方森林 (久经沙场)max,779.30,折叠刀（★） | 北方森林 (久经沙场)buff,540,239.29999999999995
折叠刀（★） | 北方森林 (战痕累累)max,830.27,折叠刀（★） | 北方森林 (战痕累累)buff,525,305.27
折叠刀（★） | 北方森林 (略有磨损)max,809.13,折叠刀（★） | 北方森林 (略有磨损)buff,598.9,210.23000000000002
折叠刀（★） | 噩梦之夜 (久经沙场)max,969.22,折叠刀（★） | 噩梦之夜 (久经沙场)buff,673,296.22
折叠刀（★） | 外表生锈 (战痕累累)max,770.13,折叠刀（★） | 外表生锈 (战痕累累)igxe,617.00,153.13
折叠刀（★） | 外表生锈 (破损不堪)igxe,699.00,折叠刀（★） | 外表生锈 (破损不堪)max,1078.40,-379.4000000000001
折叠刀（★） | 多普勒 (崭新出厂)max,1983.19,折叠刀（★） | 多普勒 (崭新出厂)buff,1430,553.19
折叠刀（★） | 大马士革钢 (久经沙场)max,935.57,折叠刀（★） | 大马士革钢 (久经沙场)buff,699.5,236.07000000000005
折叠刀（★） | 大马士革钢 (略有磨损)igxe,835.00,折叠刀（★） | 大马士革钢 (略有磨损)max,1002.60,-167.60000000000002
折叠刀（★） | 大马士革钢 (破损不堪)buff,669,折叠刀（★） | 大马士革钢 (破损不堪)max,1032.30,-363.29999999999995
折叠刀（★） | 屠夫 (崭新出厂)max,2148.36,折叠刀（★） | 屠夫 (崭新出厂)buff,1550,598.3600000000001
折叠刀（★） | 屠夫 (略有磨损)max,1906.86,折叠刀（★） | 屠夫 (略有磨损)buff,1400,506.8599999999999
折叠刀（★） | 枯焦之色 (久经沙场)max,684.43,折叠刀（★） | 枯焦之色 (久经沙场)buff,534,150.42999999999995
折叠刀（★） | 枯焦之色 (战痕累累)max,738.49,折叠刀（★） | 枯焦之色 (战痕累累)buff,520,218.49
折叠刀（★） | 枯焦之色 (略有磨损)max,986.81,折叠刀（★） | 枯焦之色 (略有磨损)buff,587.49,399.31999999999994
折叠刀（★） | 深红之网 (久经沙场)max,1699.68,折叠刀（★） | 深红之网 (久经沙场)buff,1197,502.68000000000006
折叠刀（★） | 深红之网 (战痕累累)igxe,840.62,折叠刀（★） | 深红之网 (战痕累累)max,1336.56,-495.93999999999994
折叠刀（★） | 深红之网 (略有磨损)max,6447.10,折叠刀（★） | 深红之网 (略有磨损)buff,2245,4202.1
折叠刀（★） | 渐变之色 (崭新出厂)max,3519.37,折叠刀（★） | 渐变之色 (崭新出厂)buff,2599.5,919.8699999999999
折叠刀（★） | 渐变大理石 (崭新出厂)max,2671.44,折叠刀（★） | 渐变大理石 (崭新出厂)buff,1897.5,773.94
折叠刀（★） | 渐变大理石 (略有磨损)max,3206.29,折叠刀（★） | 渐变大理石 (略有磨损)buff,1949.5,1256.79
折叠刀（★） | 澄澈之水 (久经沙场)igxe,788.00,折叠刀（★） | 澄澈之水 (久经沙场)max,1065.02,-277.02
折叠刀（★） | 澄澈之水 (崭新出厂)igxe,913.00,折叠刀（★） | 澄澈之水 (崭新出厂)max,1301.37,-388.3699999999999
折叠刀（★） | 澄澈之水 (破损不堪)buff,709,折叠刀（★） | 澄澈之水 (破损不堪)max,1038.32,-329.31999999999994
折叠刀（★） | 狩猎网格 (久经沙场)max,739.89,折叠刀（★） | 狩猎网格 (久经沙场)buff,525,214.89
折叠刀（★） | 狩猎网格 (战痕累累)max,795.89,折叠刀（★） | 狩猎网格 (战痕累累)buff,519.5,276.39
折叠刀（★） | 狩猎网格 (略有磨损)max,728.65,折叠刀（★） | 狩猎网格 (略有磨损)igxe,550.00,178.64999999999998
折叠刀（★） | 自动化 (久经沙场)max,1550.63,折叠刀（★） | 自动化 (久经沙场)buff,1089,461.6300000000001
折叠刀（★） | 自动化 (崭新出厂)max,5687.92,折叠刀（★） | 自动化 (崭新出厂)buff,1911,3776.92
折叠刀（★） | 自动化 (战痕累累)igxe,940.00,折叠刀（★） | 自动化 (战痕累累)max,1292.20,-352.20000000000005
折叠刀（★） | 自动化 (略有磨损)max,1896.16,折叠刀（★） | 自动化 (略有磨损)igxe,1350.00,546.1600000000001
折叠刀（★） | 自由之手 (久经沙场)igxe,784.81,折叠刀（★） | 自由之手 (久经沙场)max,1086.49,-301.68000000000006
折叠刀（★） | 自由之手 (崭新出厂)igxe,897.69,折叠刀（★） | 自由之手 (崭新出厂)max,1207.84,-310.14999999999986
折叠刀（★） | 自由之手 (略有磨损)igxe,850.00,折叠刀（★） | 自由之手 (略有磨损)max,1030.23,-180.23000000000002
折叠刀（★） | 致命紫罗兰 (久经沙场)max,959.85,折叠刀（★） | 致命紫罗兰 (久经沙场)buff,704.8,255.05000000000007
折叠刀（★） | 致命紫罗兰 (略有磨损)igxe,990.00,折叠刀（★） | 致命紫罗兰 (略有磨损)max,1353.68,-363.68000000000006
折叠刀（★） | 致命紫罗兰 (破损不堪)igxe,680.00,折叠刀（★） | 致命紫罗兰 (破损不堪)max,1028.89,-348.8900000000001
折叠刀（★） | 蓝钢 (战痕累累)igxe,688.12,折叠刀（★） | 蓝钢 (战痕累累)max,1043.07,-354.94999999999993
折叠刀（★） | 蓝钢 (破损不堪)max,944.27,折叠刀（★） | 蓝钢 (破损不堪)buff,660,284.27
折叠刀（★） | 虎牙 (崭新出厂)max,1992.56,折叠刀（★） | 虎牙 (崭新出厂)buff,1426,566.56
折叠刀（★） | 表面淬火 (久经沙场)buff,894.5,折叠刀（★） | 表面淬火 (久经沙场)max,1324.31,-429.80999999999995
折叠刀（★） | 表面淬火 (崭新出厂)max,2963.85,折叠刀（★） | 表面淬火 (崭新出厂)buff,1558,1405.85
折叠刀（★） | 表面淬火 (略有磨损)buff,999,折叠刀（★） | 表面淬火 (略有磨损)igxe,1050.00,-51.0
折叠刀（★） | 表面淬火 (破损不堪)igxe,827.84,折叠刀（★） | 表面淬火 (破损不堪)max,1275.68,-447.84000000000003
折叠刀（★） | 都市伪装 (战痕累累)max,754.48,折叠刀（★） | 都市伪装 (战痕累累)buff,532,222.48000000000002
折叠刀（★） | 黑色层压板 (久经沙场)igxe,788.88,折叠刀（★） | 黑色层压板 (久经沙场)max,1078.80,-289.91999999999996
折叠刀（★） | 黑色层压板 (崭新出厂)max,1537.32,折叠刀（★） | 黑色层压板 (崭新出厂)buff,1019.88,517.4399999999999
折叠刀（★） | 黑色层压板 (战痕累累)max,977.58,折叠刀（★） | 黑色层压板 (战痕累累)buff,763.5,214.08000000000004
折叠刀（★） | 黑色层压板 (略有磨损)igxe,815.00,折叠刀（★） | 黑色层压板 (略有磨损)max,1265.18,-450.18000000000006
折叠刀（★） | 黑色层压板 (破损不堪)igxe,752.99,折叠刀（★） | 黑色层压板 (破损不堪)max,1188.31,-435.31999999999994
暗影双匕（★ StatTrak™）buff,750,暗影双匕（★ StatTrak™）max,1213.60,-463.5999999999999
暗影双匕（★ StatTrak™） | 传说 (战痕累累)igxe,888.00,暗影双匕（★ StatTrak™） | 传说 (战痕累累)max,1066.69,-178.69000000000005
暗影双匕（★ StatTrak™） | 伽玛多普勒 (崭新出厂)buff,900,暗影双匕（★ StatTrak™） | 伽玛多普勒 (崭新出厂)igxe,1100.00,-200.0
暗影双匕（★ StatTrak™） | 外表生锈 (战痕累累)max,499.13,暗影双匕（★ StatTrak™） | 外表生锈 (战痕累累)igxe,375.00,124.13
暗影双匕（★ StatTrak™） | 大马士革钢 (久经沙场)igxe,579.99,暗影双匕（★ StatTrak™） | 大马士革钢 (久经沙场)buff,448,131.99
暗影双匕（★ StatTrak™） | 大马士革钢 (崭新出厂)buff,700,暗影双匕（★ StatTrak™） | 大马士革钢 (崭新出厂)max,1086.89,-386.8900000000001
暗影双匕（★ StatTrak™） | 渐变之色 (崭新出厂)max,1756.88,暗影双匕（★ StatTrak™） | 渐变之色 (崭新出厂)igxe,1197.00,559.8800000000001
暗影双匕（★ StatTrak™） | 渐变大理石 (崭新出厂)buff,830,暗影双匕（★ StatTrak™） | 渐变大理石 (崭新出厂)max,1096.73,-266.73
暗影双匕（★ StatTrak™） | 澄澈之水 (久经沙场)igxe,799.00,暗影双匕（★ StatTrak™） | 澄澈之水 (久经沙场)buff,410,389.0
暗影双匕（★ StatTrak™） | 致命紫罗兰 (久经沙场)max,670.25,暗影双匕（★ StatTrak™） | 致命紫罗兰 (久经沙场)buff,450,220.25
暗影双匕（★ StatTrak™） | 黑色层压板 (久经沙场)max,560.07,暗影双匕（★ StatTrak™） | 黑色层压板 (久经沙场)buff,434.98,125.09000000000003
暗影双匕（★ StatTrak™） | 黑色层压板 (略有磨损)max,859.31,暗影双匕（★ StatTrak™） | 黑色层压板 (略有磨损)buff,499.9,359.40999999999997
暗影双匕（★）max,725.71,暗影双匕（★）buff,546.5,179.21000000000004
暗影双匕（★） | 人工染色 (久经沙场)max,498.72,暗影双匕（★） | 人工染色 (久经沙场)buff,374.99,123.73000000000002
暗影双匕（★） | 人工染色 (崭新出厂)max,785.05,暗影双匕（★） | 人工染色 (崭新出厂)buff,639.99,145.05999999999995
暗影双匕（★） | 人工染色 (略有磨损)max,545.29,暗影双匕（★） | 人工染色 (略有磨损)buff,408.99,136.29999999999995
暗影双匕（★） | 人工染色 (破损不堪)max,466.68,暗影双匕（★） | 人工染色 (破损不堪)buff,359.9,106.78000000000003
暗影双匕（★） | 传说 (久经沙场)max,812.68,暗影双匕（★） | 传说 (久经沙场)buff,613.49,199.18999999999994
暗影双匕（★） | 传说 (略有磨损)igxe,749.50,暗影双匕（★） | 传说 (略有磨损)max,1008.62,-259.12
暗影双匕（★） | 伽玛多普勒 (崭新出厂)max,954.84,暗影双匕（★） | 伽玛多普勒 (崭新出厂)igxe,755.00,199.84000000000003
暗影双匕（★） | 伽玛多普勒 (略有磨损)buff,918.5,暗影双匕（★） | 伽玛多普勒 (略有磨损)max,1372.15,-453.6500000000001
暗影双匕（★） | 噩梦之夜 (久经沙场)max,478.32,暗影双匕（★） | 噩梦之夜 (久经沙场)buff,373.49,104.82999999999998
暗影双匕（★） | 噩梦之夜 (略有磨损)max,523.81,暗影双匕（★） | 噩梦之夜 (略有磨损)buff,400,123.80999999999995
暗影双匕（★） | 外表生锈 (战痕累累)max,441.53,暗影双匕（★） | 外表生锈 (战痕累累)buff,329,112.52999999999997
暗影双匕（★） | 外表生锈 (破损不堪)max,500.60,暗影双匕（★） | 外表生锈 (破损不堪)buff,365,135.60000000000002
暗影双匕（★） | 多普勒 (崭新出厂)max,995.24,暗影双匕（★） | 多普勒 (崭新出厂)igxe,719.00,276.24
暗影双匕（★） | 大马士革钢 (久经沙场)max,503.68,暗影双匕（★） | 大马士革钢 (久经沙场)buff,380,123.68
暗影双匕（★） | 大马士革钢 (崭新出厂)max,569.30,暗影双匕（★） | 大马士革钢 (崭新出厂)buff,467.5,101.79999999999995
暗影双匕（★） | 大马士革钢 (略有磨损)max,572.98,暗影双匕（★） | 大马士革钢 (略有磨损)buff,408.88,164.10000000000002
暗影双匕（★） | 屠夫 (崭新出厂)max,804.78,暗影双匕（★） | 屠夫 (崭新出厂)buff,636.99,167.78999999999996
暗影双匕（★） | 屠夫 (略有磨损)max,707.98,暗影双匕（★） | 屠夫 (略有磨损)buff,584,123.98000000000002
暗影双匕（★） | 枯焦之色 (战痕累累)max,457.25,暗影双匕（★） | 枯焦之色 (战痕累累)buff,378.2,79.05000000000001
暗影双匕（★） | 森林 DDPAT (久经沙场)max,464.87,暗影双匕（★） | 森林 DDPAT (久经沙场)buff,344.5,120.37
暗影双匕（★） | 森林 DDPAT (崭新出厂)max,1162.96,暗影双匕（★） | 森林 DDPAT (崭新出厂)max,1162.96,0.0
暗影双匕（★） | 深红之网 (久经沙场)max,671.99,暗影双匕（★） | 深红之网 (久经沙场)igxe,504.99,167.0
暗影双匕（★） | 深红之网 (略有磨损)igxe,998.00,暗影双匕（★） | 深红之网 (略有磨损)buff,689.5,308.5
暗影双匕（★） | 渐变之色 (崭新出厂)igxe,969.50,暗影双匕（★） | 渐变之色 (崭新出厂)max,1264.57,-295.06999999999994
暗影双匕（★） | 渐变大理石 (崭新出厂)max,842.78,暗影双匕（★） | 渐变大理石 (崭新出厂)buff,655.5,187.27999999999997
暗影双匕（★） | 渐变大理石 (略有磨损)igxe,850.00,暗影双匕（★） | 渐变大理石 (略有磨损)max,1001.20,-151.20000000000005
暗影双匕（★） | 澄澈之水 (久经沙场)max,468.89,暗影双匕（★） | 澄澈之水 (久经沙场)buff,374,94.88999999999999
暗影双匕（★） | 澄澈之水 (崭新出厂)max,542.21,暗影双匕（★） | 澄澈之水 (崭新出厂)buff,419,123.21000000000004
暗影双匕（★） | 澄澈之水 (略有磨损)max,534.98,暗影双匕（★） | 澄澈之水 (略有磨损)buff,394.88,140.10000000000002
暗影双匕（★） | 狩猎网格 (久经沙场)max,437.31,暗影双匕（★） | 狩猎网格 (久经沙场)igxe,344.50,92.81
暗影双匕（★） | 狩猎网格 (略有磨损)max,482.20,暗影双匕（★） | 狩猎网格 (略有磨损)buff,360.99,121.20999999999998
暗影双匕（★） | 自动化 (久经沙场)max,600.61,暗影双匕（★） | 自动化 (久经沙场)buff,420,180.61
暗影双匕（★） | 自动化 (略有磨损)max,586.09,暗影双匕（★） | 自动化 (略有磨损)buff,498.5,87.59000000000003
暗影双匕（★） | 自由之手 (久经沙场)max,607.37,暗影双匕（★） | 自由之手 (久经沙场)buff,428.5,178.87
暗影双匕（★） | 自由之手 (崭新出厂)max,703.30,暗影双匕（★） | 自由之手 (崭新出厂)buff,512,191.29999999999995
暗影双匕（★） | 致命紫罗兰 (久经沙场)max,493.37,暗影双匕（★） | 致命紫罗兰 (久经沙场)buff,386.9,106.47000000000003
暗影双匕（★） | 致命紫罗兰 (略有磨损)max,614.06,暗影双匕（★） | 致命紫罗兰 (略有磨损)buff,443,171.05999999999995
暗影双匕（★） | 虎牙 (崭新出厂)max,789.66,暗影双匕（★） | 虎牙 (崭新出厂)buff,569,220.65999999999997
暗影双匕（★） | 表面淬火 (久经沙场)max,713.13,暗影双匕（★） | 表面淬火 (久经沙场)buff,514.99,198.14
暗影双匕（★） | 表面淬火 (战痕累累)max,602.95,暗影双匕（★） | 表面淬火 (战痕累累)buff,445,157.95000000000005
暗影双匕（★） | 表面淬火 (略有磨损)max,792.54,暗影双匕（★） | 表面淬火 (略有磨损)buff,555.05,237.49
暗影双匕（★） | 都市伪装 (战痕累累)max,485.95,暗影双匕（★） | 都市伪装 (战痕累累)buff,339.99,145.95999999999998
暗影双匕（★） | 黑色层压板 (久经沙场)max,518.46,暗影双匕（★） | 黑色层压板 (久经沙场)buff,382.3,136.16000000000003
暗影双匕（★） | 黑色层压板 (略有磨损)max,553.78,暗影双匕（★） | 黑色层压板 (略有磨损)buff,399.98,153.79999999999995
求生匕首（★ StatTrak™） | 人工染色 (久经沙场)max,916.44,求生匕首（★ StatTrak™） | 人工染色 (久经沙场)buff,634.9,281.5400000000001
求生匕首（★ StatTrak™） | 人工染色 (破损不堪)max,835.22,求生匕首（★ StatTrak™） | 人工染色 (破损不堪)buff,680,155.22000000000003
求生匕首（★ StatTrak™） | 北方森林 (久经沙场)max,725.44,求生匕首（★ StatTrak™） | 北方森林 (久经沙场)buff,473.48,251.96000000000004
求生匕首（★ StatTrak™） | 森林 DDPAT (久经沙场)max,707.98,求生匕首（★ StatTrak™） | 森林 DDPAT (久经沙场)buff,460,247.98000000000002
求生匕首（★ StatTrak™） | 渐变之色 (崭新出厂)max,3101.26,求生匕首（★ StatTrak™） | 渐变之色 (崭新出厂)igxe,2050.00,1051.2600000000002
求生匕首（★ StatTrak™） | 狩猎网格 (久经沙场)igxe,680.00,求生匕首（★ StatTrak™） | 狩猎网格 (久经沙场)buff,434.4,245.60000000000002
求生匕首（★ StatTrak™） | 狩猎网格 (略有磨损)igxe,550.00,求生匕首（★ StatTrak™） | 狩猎网格 (略有磨损)max,1223.04,-673.04
求生匕首（★）buff,928,求生匕首（★）max,1229.85,-301.8499999999999
求生匕首（★） | 人工染色 (久经沙场)max,754.34,求生匕首（★） | 人工染色 (久经沙场)buff,549,205.34000000000003
求生匕首（★） | 人工染色 (略有磨损)max,878.91,求生匕首（★） | 人工染色 (略有磨损)buff,609.88,269.03
求生匕首（★） | 人工染色 (破损不堪)max,727.38,求生匕首（★） | 人工染色 (破损不堪)buff,520,207.38
求生匕首（★） | 北方森林 (久经沙场)max,598.34,求生匕首（★） | 北方森林 (久经沙场)buff,432,166.34000000000003
求生匕首（★） | 北方森林 (略有磨损)max,686.44,求生匕首（★） | 北方森林 (略有磨损)buff,480,206.44000000000005
求生匕首（★） | 夜色 (久经沙场)max,672.12,求生匕首（★） | 夜色 (久经沙场)buff,514.5,157.62
求生匕首（★） | 夜色 (战痕累累)max,666.44,求生匕首（★） | 夜色 (战痕累累)buff,460,206.44000000000005
求生匕首（★） | 夜色 (略有磨损)max,850.62,求生匕首（★） | 夜色 (略有磨损)buff,617.4,233.22000000000003
求生匕首（★） | 屠夫 (崭新出厂)max,1860.77,求生匕首（★） | 屠夫 (崭新出厂)buff,1324,536.77
求生匕首（★） | 屠夫 (略有磨损)max,1607.29,求生匕首（★） | 屠夫 (略有磨损)buff,1219,388.28999999999996
求生匕首（★） | 枯焦之色 (战痕累累)max,581.68,求生匕首（★） | 枯焦之色 (战痕累累)buff,409.7,171.97999999999996
求生匕首（★） | 枯焦之色 (略有磨损)max,572.91,求生匕首（★） | 枯焦之色 (略有磨损)buff,449.5,123.40999999999997
求生匕首（★） | 枯焦之色 (破损不堪)max,575.93,求生匕首（★） | 枯焦之色 (破损不堪)buff,428,147.92999999999995
求生匕首（★） | 森林 DDPAT (久经沙场)max,587.23,求生匕首（★） | 森林 DDPAT (久经沙场)buff,428,159.23000000000002
求生匕首（★） | 森林 DDPAT (战痕累累)max,559.54,求生匕首（★） | 森林 DDPAT (战痕累累)buff,415.9,143.64
求生匕首（★） | 森林 DDPAT (略有磨损)max,690.45,求生匕首（★） | 森林 DDPAT (略有磨损)igxe,470.00,220.45000000000005
求生匕首（★） | 深红之网 (久经沙场)max,1550.63,求生匕首（★） | 深红之网 (久经沙场)buff,1148,402.6300000000001
求生匕首（★） | 深红之网 (崭新出厂)max,9300.00,求生匕首（★） | 深红之网 (崭新出厂)igxe,199999.00,-190699.0
求生匕首（★） | 深红之网 (略有磨损)max,2561.93,求生匕首（★） | 深红之网 (略有磨损)buff,1800,761.9299999999998
求生匕首（★） | 深红之网 (破损不堪)max,1973.36,求生匕首（★） | 深红之网 (破损不堪)buff,1050,923.3599999999999
求生匕首（★） | 渐变之色 (崭新出厂)max,2800.89,求生匕首（★） | 渐变之色 (崭新出厂)buff,2009,791.8899999999999
求生匕首（★） | 狩猎网格 (久经沙场)max,554.72,求生匕首（★） | 狩猎网格 (久经沙场)buff,403.5,151.22000000000003
求生匕首（★） | 蓝钢 (久经沙场)max,765.71,求生匕首（★） | 蓝钢 (久经沙场)buff,557,208.71000000000004
求生匕首（★） | 蓝钢 (破损不堪)max,699.89,求生匕首（★） | 蓝钢 (破损不堪)buff,525,174.89
求生匕首（★） | 表面淬火 (战痕累累)max,890.75,求生匕首（★） | 表面淬火 (战痕累累)buff,611.48,279.27
求生匕首（★） | 表面淬火 (略有磨损)igxe,955.16,求生匕首（★） | 表面淬火 (略有磨损)max,1302.30,-347.14
求生匕首（★） | 表面淬火 (破损不堪)max,929.62,求生匕首（★） | 表面淬火 (破损不堪)buff,659.3,270.32000000000005
求生匕首（★） | 都市伪装 (久经沙场)max,597.62,求生匕首（★） | 都市伪装 (久经沙场)buff,435,162.62
求生匕首（★） | 都市伪装 (战痕累累)max,579.47,求生匕首（★） | 都市伪装 (战痕累累)buff,419.1,160.37
求生匕首（★） | 都市伪装 (略有磨损)max,728.72,求生匕首（★） | 都市伪装 (略有磨损)buff,497,231.72000000000003
求生匕首（★） | 都市伪装 (破损不堪)max,626.97,求生匕首（★） | 都市伪装 (破损不堪)buff,438,188.97000000000003
流浪者匕首（★ StatTrak™） | 人工染色 (久经沙场)max,1752.93,流浪者匕首（★ StatTrak™） | 人工染色 (久经沙场)buff,1090,662.9300000000001
流浪者匕首（★ StatTrak™） | 人工染色 (略有磨损)max,2578.85,流浪者匕首（★ StatTrak™） | 人工染色 (略有磨损)buff,1270,1308.85
流浪者匕首（★ StatTrak™） | 夜色 (略有磨损)max,1471.76,流浪者匕首（★ StatTrak™） | 夜色 (略有磨损)buff,1029.5,442.26
流浪者匕首（★ StatTrak™） | 枯焦之色 (久经沙场)max,808.86,流浪者匕首（★ StatTrak™） | 枯焦之色 (久经沙场)buff,589,219.86
流浪者匕首（★ StatTrak™） | 森林 DDPAT (久经沙场)max,877.51,流浪者匕首（★ StatTrak™） | 森林 DDPAT (久经沙场)buff,616,261.51
流浪者匕首（★ StatTrak™） | 深红之网 (略有磨损)max,7031.52,流浪者匕首（★ StatTrak™） | 深红之网 (略有磨损)buff,3599,3432.5200000000004
流浪者匕首（★ StatTrak™） | 渐变之色 (崭新出厂)max,6977.80,流浪者匕首（★ StatTrak™） | 渐变之色 (崭新出厂)buff,4420,2557.8
流浪者匕首（★ StatTrak™） | 狩猎网格 (久经沙场)max,707.18,流浪者匕首（★ StatTrak™） | 狩猎网格 (久经沙场)buff,594.5,112.67999999999995
流浪者匕首（★ StatTrak™） | 表面淬火 (破损不堪)max,1992.76,流浪者匕首（★ StatTrak™） | 表面淬火 (破损不堪)buff,1200,792.76
流浪者匕首（★ StatTrak™） | 都市伪装 (久经沙场)igxe,694.00,流浪者匕首（★ StatTrak™） | 都市伪装 (久经沙场)max,1087.23,-393.23
流浪者匕首（★ StatTrak™） | 都市伪装 (战痕累累)max,848.74,流浪者匕首（★ StatTrak™） | 都市伪装 (战痕累累)buff,609,239.74
流浪者匕首（★）max,2696.12,流浪者匕首（★）buff,1891,805.1199999999999
流浪者匕首（★） | 人工染色 (久经沙场)max,1473.79,流浪者匕首（★） | 人工染色 (久经沙场)buff,1100,373.78999999999996
流浪者匕首（★） | 人工染色 (略有磨损)max,1728.91,流浪者匕首（★） | 人工染色 (略有磨损)buff,1270,458.9100000000001
流浪者匕首（★） | 人工染色 (破损不堪)igxe,950.00,流浪者匕首（★） | 人工染色 (破损不堪)max,1279.56,-329.55999999999995
流浪者匕首（★） | 北方森林 (久经沙场)max,873.09,流浪者匕首（★） | 北方森林 (久经沙场)buff,681.5,191.59000000000003
流浪者匕首（★） | 北方森林 (战痕累累)max,857.03,流浪者匕首（★） | 北方森林 (战痕累累)buff,578,279.03
流浪者匕首（★） | 夜色 (战痕累累)igxe,653.00,流浪者匕首（★） | 夜色 (战痕累累)max,1031.06,-378.05999999999995
流浪者匕首（★） | 屠夫 (久经沙场)max,2687.49,流浪者匕首（★） | 屠夫 (久经沙场)buff,1915,772.4899999999998
流浪者匕首（★） | 屠夫 (崭新出厂)max,3311.45,流浪者匕首（★） | 屠夫 (崭新出厂)buff,2330,981.4499999999998
流浪者匕首（★） | 屠夫 (略有磨损)max,2615.00,流浪者匕首（★） | 屠夫 (略有磨损)buff,2048,567.0
流浪者匕首（★） | 枯焦之色 (久经沙场)max,761.61,流浪者匕首（★） | 枯焦之色 (久经沙场)buff,585,176.61
流浪者匕首（★） | 枯焦之色 (战痕累累)max,810.94,流浪者匕首（★） | 枯焦之色 (战痕累累)igxe,580.00,230.94000000000005
流浪者匕首（★） | 枯焦之色 (略有磨损)max,947.08,流浪者匕首（★） | 枯焦之色 (略有磨损)buff,645,302.08000000000004
流浪者匕首（★） | 枯焦之色 (破损不堪)igxe,590.00,流浪者匕首（★） | 枯焦之色 (破损不堪)max,2710.11,-2120.11
流浪者匕首（★） | 森林 DDPAT (久经沙场)max,808.86,流浪者匕首（★） | 森林 DDPAT (久经沙场)buff,607.5,201.36
流浪者匕首（★） | 森林 DDPAT (战痕累累)max,925.79,流浪者匕首（★） | 森林 DDPAT (战痕累累)buff,573.5,352.28999999999996
流浪者匕首（★） | 森林 DDPAT (略有磨损)igxe,742.00,流浪者匕首（★） | 森林 DDPAT (略有磨损)max,1012.10,-270.1
流浪者匕首（★） | 森林 DDPAT (破损不堪)max,874.49,流浪者匕首（★） | 森林 DDPAT (破损不堪)buff,584.2,290.28999999999996
流浪者匕首（★） | 深红之网 (久经沙场)max,3369.51,流浪者匕首（★） | 深红之网 (久经沙场)igxe,2129.99,1239.5200000000004
流浪者匕首（★） | 深红之网 (战痕累累)max,1740.69,流浪者匕首（★） | 深红之网 (战痕累累)buff,1208.95,531.74
流浪者匕首（★） | 深红之网 (破损不堪)max,2437.23,流浪者匕首（★） | 深红之网 (破损不堪)buff,1720,717.23
流浪者匕首（★） | 渐变之色 (崭新出厂)max,5526.66,流浪者匕首（★） | 渐变之色 (崭新出厂)buff,4438.88,1087.7799999999997
流浪者匕首（★） | 渐变之色 (略有磨损)max,5501.09,流浪者匕首（★） | 渐变之色 (略有磨损)buff,4460,1041.0900000000001
流浪者匕首（★） | 狩猎网格 (久经沙场)max,742.57,流浪者匕首（★） | 狩猎网格 (久经沙场)buff,582.5,160.07000000000005
流浪者匕首（★） | 狩猎网格 (战痕累累)max,765.55,流浪者匕首（★） | 狩猎网格 (战痕累累)buff,562,203.54999999999995
流浪者匕首（★） | 狩猎网格 (略有磨损)max,888.47,流浪者匕首（★） | 狩猎网格 (略有磨损)buff,619,269.47
流浪者匕首（★） | 狩猎网格 (破损不堪)max,699.42,流浪者匕首（★） | 狩猎网格 (破损不堪)buff,575,124.41999999999996
流浪者匕首（★） | 蓝钢 (久经沙场)max,1537.32,流浪者匕首（★） | 蓝钢 (久经沙场)buff,1229.5,307.81999999999994
流浪者匕首（★） | 蓝钢 (略有磨损)max,1820.36,流浪者匕首（★） | 蓝钢 (略有磨损)buff,1384.99,435.3699999999999
流浪者匕首（★） | 蓝钢 (破损不堪)max,1458.98,流浪者匕首（★） | 蓝钢 (破损不堪)buff,1029.99,428.99
流浪者匕首（★） | 表面淬火 (久经沙场)max,2291.73,流浪者匕首（★） | 表面淬火 (久经沙场)buff,1464,827.73
流浪者匕首（★） | 表面淬火 (崭新出厂)max,5447.95,流浪者匕首（★） | 表面淬火 (崭新出厂)buff,3199.99,2247.96
流浪者匕首（★） | 表面淬火 (战痕累累)max,1288.27,流浪者匕首（★） | 表面淬火 (战痕累累)buff,1020,268.27
流浪者匕首（★） | 都市伪装 (久经沙场)max,950.14,流浪者匕首（★） | 都市伪装 (久经沙场)buff,662,288.14
流浪者匕首（★） | 都市伪装 (战痕累累)max,909.88,流浪者匕首（★） | 都市伪装 (战痕累累)buff,579.99,329.89
流浪者匕首（★） | 都市伪装 (略有磨损)igxe,885.00,流浪者匕首（★） | 都市伪装 (略有磨损)max,1111.24,-226.24
流浪者匕首（★） | 都市伪装 (破损不堪)max,859.31,流浪者匕首（★） | 都市伪装 (破损不堪)buff,610,249.30999999999995
海豹短刀（★ StatTrak™） | 人工染色 (破损不堪)max,888.21,海豹短刀（★ StatTrak™） | 人工染色 (破损不堪)buff,627.99,260.22
海豹短刀（★ StatTrak™） | 北方森林 (久经沙场)max,814.17,海豹短刀（★ StatTrak™） | 北方森林 (久经沙场)buff,559,255.16999999999996
海豹短刀（★ StatTrak™） | 夜色 (久经沙场)igxe,946.60,海豹短刀（★ StatTrak™） | 夜色 (久经沙场)buff,719.9,226.70000000000005
海豹短刀（★ StatTrak™） | 森林 DDPAT (久经沙场)max,849.02,海豹短刀（★ StatTrak™） | 森林 DDPAT (久经沙场)igxe,539.00,310.02
海豹短刀（★ StatTrak™） | 深红之网 (久经沙场)max,2198.67,海豹短刀（★ StatTrak™） | 深红之网 (久经沙场)buff,1400,798.6700000000001
海豹短刀（★ StatTrak™） | 表面淬火 (久经沙场)max,2225.10,海豹短刀（★ StatTrak™） | 表面淬火 (久经沙场)buff,1121,1104.1
海豹短刀（★ StatTrak™） | 表面淬火 (略有磨损)igxe,3999.00,海豹短刀（★ StatTrak™） | 表面淬火 (略有磨损)buff,1200,2799.0
海豹短刀（★ StatTrak™） | 都市伪装 (略有磨损)buff,688.5,海豹短刀（★ StatTrak™） | 都市伪装 (略有磨损)max,1464.83,-776.3299999999999
海豹短刀（★ StatTrak™） | 都市伪装 (破损不堪)max,767.72,海豹短刀（★ StatTrak™） | 都市伪装 (破损不堪)buff,640,127.72000000000003
海豹短刀（★）max,1955.30,海豹短刀（★）buff,1460,495.29999999999995
海豹短刀（★） | 人工染色 (久经沙场)max,844.65,海豹短刀（★） | 人工染色 (久经沙场)buff,609,235.64999999999998
海豹短刀（★） | 人工染色 (崭新出厂)igxe,945.00,海豹短刀（★） | 人工染色 (崭新出厂)max,1279.83,-334.8299999999999
海豹短刀（★） | 人工染色 (略有磨损)max,973.63,海豹短刀（★） | 人工染色 (略有磨损)buff,680,293.63
海豹短刀（★） | 北方森林 (久经沙场)max,714.07,海豹短刀（★） | 北方森林 (久经沙场)igxe,526.78,187.29000000000008
海豹短刀（★） | 北方森林 (战痕累累)max,814.77,海豹短刀（★） | 北方森林 (战痕累累)igxe,528.44,286.3299999999999
海豹短刀（★） | 北方森林 (略有磨损)max,780.53,海豹短刀（★） | 北方森林 (略有磨损)buff,545,235.52999999999997
海豹短刀（★） | 北方森林 (破损不堪)max,942.86,海豹短刀（★） | 北方森林 (破损不堪)buff,635,307.86
海豹短刀（★） | 夜色 (久经沙场)max,838.05,海豹短刀（★） | 夜色 (久经沙场)igxe,628.00,210.04999999999995
海豹短刀（★） | 夜色 (战痕累累)max,972.30,海豹短刀（★） | 夜色 (战痕累累)buff,699,273.29999999999995
海豹短刀（★） | 夜色 (略有磨损)igxe,699.00,海豹短刀（★） | 夜色 (略有磨损)max,1395.56,-696.56
海豹短刀（★） | 夜色 (破损不堪)igxe,830.00,海豹短刀（★） | 夜色 (破损不堪)max,1396.01,-566.01
海豹短刀（★） | 屠夫 (久经沙场)max,1813.66,海豹短刀（★） | 屠夫 (久经沙场)buff,1330,483.6600000000001
海豹短刀（★） | 屠夫 (崭新出厂)max,2289.90,海豹短刀（★） | 屠夫 (崭新出厂)buff,1670,619.9000000000001
海豹短刀（★） | 屠夫 (略有磨损)max,1751.94,海豹短刀（★） | 屠夫 (略有磨损)buff,1289.5,462.44000000000005
海豹短刀（★） | 枯焦之色 (久经沙场)max,672.19,海豹短刀（★） | 枯焦之色 (久经沙场)buff,527.5,144.69000000000005
海豹短刀（★） | 枯焦之色 (战痕累累)max,713.80,海豹短刀（★） | 枯焦之色 (战痕累累)buff,499,214.79999999999995
海豹短刀（★） | 枯焦之色 (略有磨损)max,646.11,海豹短刀（★） | 枯焦之色 (略有磨损)buff,530,116.11000000000001
海豹短刀（★） | 枯焦之色 (破损不堪)max,852.88,海豹短刀（★） | 枯焦之色 (破损不堪)buff,582,270.88
海豹短刀（★） | 森林 DDPAT (久经沙场)max,668.45,海豹短刀（★） | 森林 DDPAT (久经沙场)buff,501,167.45000000000005
海豹短刀（★） | 森林 DDPAT (战痕累累)max,736.82,海豹短刀（★） | 森林 DDPAT (战痕累累)buff,509.4,227.42000000000007
海豹短刀（★） | 森林 DDPAT (略有磨损)max,639.88,海豹短刀（★） | 森林 DDPAT (略有磨损)buff,516,123.88
海豹短刀（★） | 森林 DDPAT (破损不堪)igxe,600.00,海豹短刀（★） | 森林 DDPAT (破损不堪)max,1833.81,-1233.81
海豹短刀（★） | 深红之网 (久经沙场)max,2085.86,海豹短刀（★） | 深红之网 (久经沙场)buff,1324,761.8600000000001
海豹短刀（★） | 深红之网 (崭新出厂)buff,9600,海豹短刀（★） | 深红之网 (崭新出厂)max,10089.47,-489.46999999999935
海豹短刀（★） | 深红之网 (战痕累累)max,1599.05,海豹短刀（★） | 深红之网 (战痕累累)buff,1029,570.05
海豹短刀（★） | 深红之网 (略有磨损)max,2386.99,海豹短刀（★） | 深红之网 (略有磨损)buff,1369,1017.9899999999998
海豹短刀（★） | 渐变之色 (崭新出厂)max,4003.58,海豹短刀（★） | 渐变之色 (崭新出厂)buff,2719,1284.58
海豹短刀（★） | 狩猎网格 (久经沙场)max,666.91,海豹短刀（★） | 狩猎网格 (久经沙场)buff,489.5,177.40999999999997
海豹短刀（★） | 狩猎网格 (战痕累累)max,658.15,海豹短刀（★） | 狩猎网格 (战痕累累)igxe,493.52,164.63
海豹短刀（★） | 狩猎网格 (略有磨损)max,752.78,海豹短刀（★） | 狩猎网格 (略有磨损)buff,505,247.77999999999997
海豹短刀（★） | 狩猎网格 (破损不堪)max,700.55,海豹短刀（★） | 狩猎网格 (破损不堪)buff,490,210.54999999999995
海豹短刀（★） | 蓝钢 (破损不堪)max,881.39,海豹短刀（★） | 蓝钢 (破损不堪)buff,609.99,271.4
海豹短刀（★） | 表面淬火 (久经沙场)igxe,903.99,海豹短刀（★） | 表面淬火 (久经沙场)max,1215.80,-311.80999999999995
海豹短刀（★） | 表面淬火 (崭新出厂)max,3519.44,海豹短刀（★） | 表面淬火 (崭新出厂)buff,1779.49,1739.95
海豹短刀（★） | 表面淬火 (战痕累累)igxe,798.99,海豹短刀（★） | 表面淬火 (战痕累累)max,1029.79,-230.79999999999995
海豹短刀（★） | 表面淬火 (破损不堪)igxe,785.00,海豹短刀（★） | 表面淬火 (破损不堪)max,1116.06,-331.05999999999995
海豹短刀（★） | 都市伪装 (久经沙场)max,644.57,海豹短刀（★） | 都市伪装 (久经沙场)buff,499,145.57000000000005
海豹短刀（★） | 都市伪装 (略有磨损)max,750.60,海豹短刀（★） | 都市伪装 (略有磨损)buff,505,245.60000000000002
海豹短刀（★） | 都市伪装 (破损不堪)max,773.31,海豹短刀（★） | 都市伪装 (破损不堪)buff,525,248.30999999999995
熊刀（★ StatTrak™）max,1288.61,熊刀（★ StatTrak™）buff,1004.3,284.30999999999995
熊刀（★ StatTrak™） | 人工染色 (略有磨损)igxe,800.00,熊刀（★ StatTrak™） | 人工染色 (略有磨损)max,1112.11,-312.1099999999999
熊刀（★ StatTrak™） | 北方森林 (久经沙场)max,711.68,熊刀（★ StatTrak™） | 北方森林 (久经沙场)buff,500,211.67999999999995
熊刀（★ StatTrak™） | 外表生锈 (战痕累累)max,819.10,熊刀（★ StatTrak™） | 外表生锈 (战痕累累)igxe,568.00,251.10000000000002
熊刀（★ StatTrak™） | 夜色 (战痕累累)igxe,631.23,熊刀（★ StatTrak™） | 夜色 (战痕累累)max,1010.96,-379.73
熊刀（★ StatTrak™） | 大马士革钢 (久经沙场)max,904.66,熊刀（★ StatTrak™） | 大马士革钢 (久经沙场)buff,615,289.65999999999997
熊刀（★ StatTrak™） | 枯焦之色 (久经沙场)max,633.66,熊刀（★ StatTrak™） | 枯焦之色 (久经沙场)buff,500,133.65999999999997
熊刀（★ StatTrak™） | 森林 DDPAT (久经沙场)max,729.52,熊刀（★ StatTrak™） | 森林 DDPAT (久经沙场)buff,500,229.51999999999998
熊刀（★ StatTrak™） | 深红之网 (久经沙场)max,1777.48,熊刀（★ StatTrak™） | 深红之网 (久经沙场)buff,1280,497.48
熊刀（★ StatTrak™） | 深红之网 (战痕累累)max,1449.78,熊刀（★ StatTrak™） | 深红之网 (战痕累累)buff,1049.5,400.28
熊刀（★ StatTrak™） | 深红之网 (破损不堪)max,2473.73,熊刀（★ StatTrak™） | 深红之网 (破损不堪)buff,1449.5,1024.23
熊刀（★ StatTrak™） | 渐变大理石 (崭新出厂)max,2154.01,熊刀（★ StatTrak™） | 渐变大理石 (崭新出厂)buff,1795,359.0100000000002
熊刀（★ StatTrak™） | 狩猎网格 (战痕累累)max,671.52,熊刀（★ StatTrak™） | 狩猎网格 (战痕累累)buff,480,191.51999999999998
熊刀（★ StatTrak™） | 致命紫罗兰 (久经沙场)igxe,822.00,熊刀（★ StatTrak™） | 致命紫罗兰 (久经沙场)max,1159.87,-337.8699999999999
熊刀（★ StatTrak™） | 表面淬火 (久经沙场)buff,985.88,熊刀（★ StatTrak™） | 表面淬火 (久经沙场)igxe,1095.80,-109.91999999999996
熊刀（★）buff,980,熊刀（★）max,1213.60,-233.5999999999999
熊刀（★） | 人工染色 (久经沙场)max,761.54,熊刀（★） | 人工染色 (久经沙场)buff,556.99,204.54999999999995
熊刀（★） | 人工染色 (略有磨损)max,816.83,熊刀（★） | 人工染色 (略有磨损)buff,605,211.83000000000004
熊刀（★） | 人工染色 (破损不堪)max,784.21,熊刀（★） | 人工染色 (破损不堪)buff,529.5,254.71000000000004
熊刀（★） | 北方森林 (久经沙场)max,597.62,熊刀（★） | 北方森林 (久经沙场)igxe,476.50,121.12
熊刀（★） | 外表生锈 (战痕累累)max,696.74,熊刀（★） | 外表生锈 (战痕累累)buff,498.5,198.24
熊刀（★） | 多普勒 (崭新出厂)max,2075.89,熊刀（★） | 多普勒 (崭新出厂)buff,1525,550.8899999999999
熊刀（★） | 夜色 (久经沙场)max,689.78,熊刀（★） | 夜色 (久经沙场)buff,540,149.77999999999997
熊刀（★） | 夜色 (战痕累累)max,706.63,熊刀（★） | 夜色 (战痕累累)buff,484.5,222.13
熊刀（★） | 夜色 (略有磨损)max,966.99,熊刀（★） | 夜色 (略有磨损)buff,665,301.99
熊刀（★） | 大马士革钢 (久经沙场)max,786.22,熊刀（★） | 大马士革钢 (久经沙场)buff,573.5,212.72000000000003
熊刀（★） | 大马士革钢 (崭新出厂)igxe,737.00,熊刀（★） | 大马士革钢 (崭新出厂)max,1024.24,-287.24
熊刀（★） | 大马士革钢 (略有磨损)max,934.30,熊刀（★） | 大马士革钢 (略有磨损)buff,660,274.29999999999995
熊刀（★） | 屠夫 (久经沙场)max,2196.13,熊刀（★） | 屠夫 (久经沙场)buff,1315.5,880.6300000000001
熊刀（★） | 屠夫 (略有磨损)max,2049.01,熊刀（★） | 屠夫 (略有磨损)buff,1383.5,665.5100000000002
熊刀（★） | 枯焦之色 (久经沙场)max,608.05,熊刀（★） | 枯焦之色 (久经沙场)buff,449.88,158.16999999999996
熊刀（★） | 枯焦之色 (战痕累累)max,613.34,熊刀（★） | 枯焦之色 (战痕累累)buff,446.5,166.84000000000003
熊刀（★） | 枯焦之色 (略有磨损)max,608.26,熊刀（★） | 枯焦之色 (略有磨损)buff,488,120.25999999999999
熊刀（★） | 枯焦之色 (破损不堪)max,674.00,熊刀（★） | 枯焦之色 (破损不堪)buff,459,215.0
熊刀（★） | 森林 DDPAT (久经沙场)max,656.07,熊刀（★） | 森林 DDPAT (久经沙场)buff,469,187.07000000000005
熊刀（★） | 森林 DDPAT (崭新出厂)max,1853.52,熊刀（★） | 森林 DDPAT (崭新出厂)buff,1030,823.52
熊刀（★） | 森林 DDPAT (战痕累累)max,620.56,熊刀（★） | 森林 DDPAT (战痕累累)buff,449,171.55999999999995
熊刀（★） | 森林 DDPAT (略有磨损)max,721.43,熊刀（★） | 森林 DDPAT (略有磨损)buff,540,181.42999999999995
熊刀（★） | 森林 DDPAT (破损不堪)max,702.95,熊刀（★） | 森林 DDPAT (破损不堪)buff,459.5,243.45000000000005
熊刀（★） | 深红之网 (久经沙场)max,1872.58,熊刀（★） | 深红之网 (久经沙场)buff,1302,570.5799999999999
熊刀（★） | 深红之网 (战痕累累)igxe,888.88,熊刀（★） | 深红之网 (战痕累累)max,1243.80,-354.91999999999996
熊刀（★） | 深红之网 (略有磨损)max,3339.69,熊刀（★） | 深红之网 (略有磨损)igxe,2145.00,1194.69
熊刀（★） | 深红之网 (破损不堪)max,2002.33,熊刀（★） | 深红之网 (破损不堪)buff,1194.99,807.3399999999999
熊刀（★） | 渐变之色 (崭新出厂)max,2841.98,熊刀（★） | 渐变之色 (崭新出厂)buff,2375,466.98
熊刀（★） | 渐变之色 (略有磨损)max,3101.26,熊刀（★） | 渐变之色 (略有磨损)buff,2350,751.2600000000002
熊刀（★） | 渐变大理石 (崭新出厂)max,2302.88,熊刀（★） | 渐变大理石 (崭新出厂)buff,1709,593.8800000000001
熊刀（★） | 狩猎网格 (久经沙场)max,632.33,熊刀（★） | 狩猎网格 (久经沙场)buff,448.5,183.83000000000004
熊刀（★） | 狩猎网格 (略有磨损)max,717.00,熊刀（★） | 狩猎网格 (略有磨损)buff,485,232.0
熊刀（★） | 狩猎网格 (破损不堪)max,647.04,熊刀（★） | 狩猎网格 (破损不堪)buff,450,197.03999999999996
熊刀（★） | 致命紫罗兰 (久经沙场)max,911.62,熊刀（★） | 致命紫罗兰 (久经沙场)buff,716.4,195.22000000000003
熊刀（★） | 致命紫罗兰 (战痕累累)max,796.85,熊刀（★） | 致命紫罗兰 (战痕累累)buff,576,220.85000000000002
熊刀（★） | 致命紫罗兰 (略有磨损)max,1453.93,熊刀（★） | 致命紫罗兰 (略有磨损)buff,1012,441.93000000000006
熊刀（★） | 致命紫罗兰 (破损不堪)max,914.96,熊刀（★） | 致命紫罗兰 (破损不堪)buff,690,224.96000000000004
熊刀（★） | 蓝钢 (久经沙场)max,788.93,熊刀（★） | 蓝钢 (久经沙场)buff,592.5,196.42999999999995
熊刀（★） | 蓝钢 (战痕累累)max,788.83,熊刀（★） | 蓝钢 (战痕累累)buff,565,223.83000000000004
熊刀（★） | 蓝钢 (略有磨损)max,952.21,熊刀（★） | 蓝钢 (略有磨损)buff,663.5,288.71000000000004
熊刀（★） | 虎牙 (崭新出厂)max,1730.79,熊刀（★） | 虎牙 (崭新出厂)buff,1340,390.78999999999996
熊刀（★） | 虎牙 (略有磨损)max,1870.91,熊刀（★） | 虎牙 (略有磨损)igxe,1330.00,540.9100000000001
熊刀（★） | 表面淬火 (久经沙场)igxe,826.00,熊刀（★） | 表面淬火 (久经沙场)max,1237.95,-411.95000000000005
熊刀（★） | 表面淬火 (崭新出厂)igxe,1998.00,熊刀（★） | 表面淬火 (崭新出厂)buff,1349.8,648.2
熊刀（★） | 表面淬火 (略有磨损)max,1547.69,熊刀（★） | 表面淬火 (略有磨损)buff,1039.3,508.3900000000001
熊刀（★） | 表面淬火 (破损不堪)max,983.57,熊刀（★） | 表面淬火 (破损不堪)buff,691.49,292.08000000000004
熊刀（★） | 都市伪装 (久经沙场)max,666.71,熊刀（★） | 都市伪装 (久经沙场)buff,518.5,148.21000000000004
熊刀（★） | 都市伪装 (略有磨损)igxe,645.00,熊刀（★） | 都市伪装 (略有磨损)max,1053.84,-408.8399999999999
爪子刀（★ StatTrak™）buff,3635,爪子刀（★ StatTrak™）max,10311.99,-6676.99
爪子刀（★ StatTrak™） | 伽玛多普勒 (崭新出厂)max,8577.84,爪子刀（★ StatTrak™） | 伽玛多普勒 (崭新出厂)buff,5149.49,3428.3500000000004
爪子刀（★ StatTrak™） | 外表生锈 (战痕累累)max,2747.88,爪子刀（★ StatTrak™） | 外表生锈 (战痕累累)buff,1900,847.8800000000001
爪子刀（★ StatTrak™） | 多普勒 (崭新出厂)max,5593.81,爪子刀（★ StatTrak™） | 多普勒 (崭新出厂)buff,4279,1314.8100000000004
爪子刀（★ StatTrak™） | 森林 DDPAT (久经沙场)max,2488.07,爪子刀（★ StatTrak™） | 森林 DDPAT (久经沙场)buff,1629.5,858.5700000000002
爪子刀（★ StatTrak™） | 深红之网 (久经沙场)max,5506.27,爪子刀（★ StatTrak™） | 深红之网 (久经沙场)buff,3499.2,2007.0700000000006
爪子刀（★ StatTrak™） | 澄澈之水 (久经沙场)max,4101.43,爪子刀（★ StatTrak™） | 澄澈之水 (久经沙场)buff,2200,1901.4300000000003
爪子刀（★ StatTrak™） | 澄澈之水 (崭新出厂)max,5407.15,爪子刀（★ StatTrak™） | 澄澈之水 (崭新出厂)buff,2850,2557.1499999999996
爪子刀（★ StatTrak™） | 狩猎网格 (久经沙场)max,2224.23,爪子刀（★ StatTrak™） | 狩猎网格 (久经沙场)buff,1596.9,627.3299999999999
爪子刀（★ StatTrak™） | 自动化 (久经沙场)max,6200.59,爪子刀（★ StatTrak™） | 自动化 (久经沙场)buff,4226.5,1974.0900000000001
爪子刀（★ StatTrak™） | 自动化 (略有磨损)max,8272.88,爪子刀（★ StatTrak™） | 自动化 (略有磨损)buff,5350,2922.879999999999
爪子刀（★ StatTrak™） | 致命紫罗兰 (久经沙场)max,2924.98,爪子刀（★ StatTrak™） | 致命紫罗兰 (久经沙场)buff,2218.5,706.48
爪子刀（★ StatTrak™） | 虎牙 (崭新出厂)max,6862.22,爪子刀（★ StatTrak™） | 虎牙 (崭新出厂)buff,4485.5,2376.7200000000003
爪子刀（★ StatTrak™） | 黑色层压板 (略有磨损)max,5324.56,爪子刀（★ StatTrak™） | 黑色层压板 (略有磨损)igxe,3600.00,1724.5600000000004
爪子刀（★ StatTrak™） | 黑色层压板 (破损不堪)max,4621.07,爪子刀（★ StatTrak™） | 黑色层压板 (破损不堪)buff,2872,1749.0699999999997
爪子刀（★） | 人工染色 (久经沙场)max,3302.57,爪子刀（★） | 人工染色 (久经沙场)buff,2220,1082.5700000000002
爪子刀（★） | 人工染色 (略有磨损)max,3240.57,爪子刀（★） | 人工染色 (略有磨损)igxe,2350.00,890.5700000000002
爪子刀（★） | 人工染色 (破损不堪)max,6795.41,爪子刀（★） | 人工染色 (破损不堪)buff,2010,4785.41
爪子刀（★） | 传说 (久经沙场)max,5490.35,爪子刀（★） | 传说 (久经沙场)buff,3814.5,1675.8500000000004
爪子刀（★） | 传说 (崭新出厂)igxe,9874.20,爪子刀（★） | 传说 (崭新出厂)max,10680.11,-805.9099999999999
爪子刀（★） | 传说 (略有磨损)max,9650.10,爪子刀（★） | 传说 (略有磨损)igxe,6511.00,3139.1000000000004
爪子刀（★） | 伽玛多普勒 (崭新出厂)max,6539.62,爪子刀（★） | 伽玛多普勒 (崭新出厂)igxe,5009.50,1530.12
爪子刀（★） | 伽玛多普勒 (略有磨损)max,7932.33,爪子刀（★） | 伽玛多普勒 (略有磨损)buff,4737,3195.33
爪子刀（★） | 北方森林 (久经沙场)max,2358.92,爪子刀（★） | 北方森林 (久经沙场)buff,1689,669.9200000000001
爪子刀（★） | 北方森林 (战痕累累)max,2369.53,爪子刀（★） | 北方森林 (战痕累累)buff,1558,811.5300000000002
爪子刀（★） | 北方森林 (略有磨损)max,3234.09,爪子刀（★） | 北方森林 (略有磨损)buff,1964.5,1269.5900000000001
爪子刀（★） | 北方森林 (破损不堪)max,3234.29,爪子刀（★） | 北方森林 (破损不堪)buff,1599.5,1634.79
爪子刀（★） | 噩梦之夜 (久经沙场)max,2695.85,爪子刀（★） | 噩梦之夜 (久经沙场)buff,2033,662.8499999999999
爪子刀（★） | 外表生锈 (战痕累累)max,2439.84,爪子刀（★） | 外表生锈 (战痕累累)buff,1879,560.8400000000001
爪子刀（★） | 外表生锈 (破损不堪)max,4717.91,爪子刀（★） | 外表生锈 (破损不堪)igxe,1979.99,2737.92
爪子刀（★） | 多普勒 (崭新出厂)max,5314.46,爪子刀（★） | 多普勒 (崭新出厂)buff,4099,1215.46
爪子刀（★） | 多普勒 (略有磨损)max,7676.39,爪子刀（★） | 多普勒 (略有磨损)buff,4020,3656.3900000000003
爪子刀（★） | 大马士革钢 (久经沙场)max,3348.72,爪子刀（★） | 大马士革钢 (久经沙场)buff,2599.5,749.2199999999998
爪子刀（★） | 大马士革钢 (崭新出厂)max,4266.82,爪子刀（★） | 大马士革钢 (崭新出厂)buff,3245,1021.8199999999997
爪子刀（★） | 大马士革钢 (战痕累累)max,3416.73,爪子刀（★） | 大马士革钢 (战痕累累)buff,2280,1136.73
爪子刀（★） | 大马士革钢 (略有磨损)max,4088.99,爪子刀（★） | 大马士革钢 (略有磨损)buff,2959.5,1129.4899999999998
爪子刀（★） | 屠夫 (久经沙场)max,4804.58,爪子刀（★） | 屠夫 (久经沙场)buff,3310,1494.58
爪子刀（★） | 屠夫 (崭新出厂)max,8320.03,爪子刀（★） | 屠夫 (崭新出厂)buff,4600,3720.0300000000007
爪子刀（★） | 屠夫 (略有磨损)max,5358.20,爪子刀（★） | 屠夫 (略有磨损)buff,3769,1589.1999999999998
爪子刀（★） | 枯焦之色 (久经沙场)max,2131.47,爪子刀（★） | 枯焦之色 (久经沙场)buff,1538,593.4699999999998
爪子刀（★） | 枯焦之色 (略有磨损)max,2249.71,爪子刀（★） | 枯焦之色 (略有磨损)igxe,1643.00,606.71
爪子刀（★） | 森林 DDPAT (久经沙场)max,2185.69,爪子刀（★） | 森林 DDPAT (久经沙场)buff,1593.99,591.7
爪子刀（★） | 森林 DDPAT (略有磨损)max,3289.11,爪子刀（★） | 森林 DDPAT (略有磨损)igxe,1749.00,1540.1100000000001
爪子刀（★） | 深红之网 (久经沙场)max,4622.21,爪子刀（★） | 深红之网 (久经沙场)buff,3233,1389.21
爪子刀（★） | 深红之网 (战痕累累)max,4882.96,爪子刀（★） | 深红之网 (战痕累累)buff,2346.77,2536.19
爪子刀（★） | 渐变之色 (崭新出厂)igxe,8687.91,爪子刀（★） | 渐变之色 (崭新出厂)max,11514.65,-2826.74
爪子刀（★） | 渐变之色 (略有磨损)igxe,8300.00,爪子刀（★） | 渐变之色 (略有磨损)max,10678.11,-2378.1100000000006
爪子刀（★） | 渐变大理石 (崭新出厂)max,8916.78,爪子刀（★） | 渐变大理石 (崭新出厂)buff,5849,3067.7800000000007
爪子刀（★） | 渐变大理石 (略有磨损)max,8811.38,爪子刀（★） | 渐变大理石 (略有磨损)buff,5400,3411.379999999999
爪子刀（★） | 澄澈之水 (久经沙场)max,2965.57,爪子刀（★） | 澄澈之水 (久经沙场)buff,2214,751.5700000000002
爪子刀（★） | 澄澈之水 (崭新出厂)max,4107.91,爪子刀（★） | 澄澈之水 (崭新出厂)buff,2842.9,1265.0099999999998
爪子刀（★） | 澄澈之水 (战痕累累)max,2947.39,爪子刀（★） | 澄澈之水 (战痕累累)buff,1953.5,993.8899999999999
爪子刀（★） | 澄澈之水 (略有磨损)max,3499.86,爪子刀（★） | 澄澈之水 (略有磨损)buff,2483.7,1016.1600000000003
爪子刀（★） | 狩猎网格 (久经沙场)max,2224.23,爪子刀（★） | 狩猎网格 (久经沙场)buff,1548,676.23
爪子刀（★） | 狩猎网格 (略有磨损)max,3973.69,爪子刀（★） | 狩猎网格 (略有磨损)buff,1620,2353.69
爪子刀（★） | 自动化 (久经沙场)max,5437.52,爪子刀（★） | 自动化 (久经沙场)buff,4222,1215.5200000000004
爪子刀（★） | 自动化 (崭新出厂)igxe,8180.00,爪子刀（★） | 自动化 (崭新出厂)max,10879.74,-2699.74
爪子刀（★） | 自动化 (战痕累累)max,4712.43,爪子刀（★） | 自动化 (战痕累累)buff,3050,1662.4300000000003
爪子刀（★） | 自动化 (略有磨损)max,7356.58,爪子刀（★） | 自动化 (略有磨损)buff,5400,1956.58
爪子刀（★） | 自由之手 (久经沙场)max,3035.06,爪子刀（★） | 自由之手 (久经沙场)buff,2319,716.06
爪子刀（★） | 自由之手 (崭新出厂)max,4280.53,爪子刀（★） | 自由之手 (崭新出厂)igxe,2799.00,1481.5299999999997
爪子刀（★） | 自由之手 (略有磨损)max,3821.48,爪子刀（★） | 自由之手 (略有磨损)buff,2510,1311.48
爪子刀（★） | 致命紫罗兰 (久经沙场)max,3070.50,爪子刀（★） | 致命紫罗兰 (久经沙场)buff,2200,870.5
爪子刀（★） | 致命紫罗兰 (战痕累累)max,3369.92,爪子刀（★） | 致命紫罗兰 (战痕累累)buff,1899.5,1470.42
爪子刀（★） | 致命紫罗兰 (略有磨损)max,4077.55,爪子刀（★） | 致命紫罗兰 (略有磨损)buff,2880,1197.5500000000002
爪子刀（★） | 蓝钢 (久经沙场)max,3437.40,爪子刀（★） | 蓝钢 (久经沙场)buff,2405,1032.4
爪子刀（★） | 蓝钢 (战痕累累)max,5679.55,爪子刀（★） | 蓝钢 (战痕累累)buff,2294,3385.55
爪子刀（★） | 蓝钢 (略有磨损)max,3622.51,爪子刀（★） | 蓝钢 (略有磨损)buff,2520,1102.5100000000002
爪子刀（★） | 虎牙 (崭新出厂)max,6109.17,爪子刀（★） | 虎牙 (崭新出厂)buff,4319.5,1789.67
爪子刀（★） | 表面淬火 (久经沙场)max,4548.33,爪子刀（★） | 表面淬火 (久经沙场)buff,3029.5,1518.83
爪子刀（★） | 表面淬火 (崭新出厂)max,8294.49,爪子刀（★） | 表面淬火 (崭新出厂)buff,6099,2195.49
爪子刀（★） | 表面淬火 (战痕累累)max,3976.23,爪子刀（★） | 表面淬火 (战痕累累)buff,2300,1676.23
爪子刀（★） | 表面淬火 (略有磨损)max,5978.09,爪子刀（★） | 表面淬火 (略有磨损)buff,3400,2578.09
爪子刀（★） | 表面淬火 (破损不堪)max,4159.41,爪子刀（★） | 表面淬火 (破损不堪)buff,2595,1564.4099999999999
爪子刀（★） | 都市伪装 (崭新出厂)max,6592.31,爪子刀（★） | 都市伪装 (崭新出厂)buff,3000,3592.3100000000004
爪子刀（★） | 都市伪装 (战痕累累)max,2668.50,爪子刀（★） | 都市伪装 (战痕累累)buff,1525,1143.5
爪子刀（★） | 都市伪装 (略有磨损)max,3032.78,爪子刀（★） | 都市伪装 (略有磨损)buff,1926,1106.7800000000002
爪子刀（★） | 黑色层压板 (久经沙场)max,4077.55,爪子刀（★） | 黑色层压板 (久经沙场)igxe,3080.00,997.5500000000002
爪子刀（★） | 黑色层压板 (崭新出厂)max,8636.02,爪子刀（★） | 黑色层压板 (崭新出厂)igxe,4400.00,4236.02
爪子刀（★） | 黑色层压板 (战痕累累)max,3838.20,爪子刀（★） | 黑色层压板 (战痕累累)buff,2844.5,993.6999999999998
爪子刀（★） | 黑色层压板 (略有磨损)max,4479.29,爪子刀（★） | 黑色层压板 (略有磨损)buff,3260,1219.29
爪子刀（★） | 黑色层压板 (破损不堪)max,3945.80,爪子刀（★） | 黑色层压板 (破损不堪)buff,2855,1090.8000000000002
猎杀者匕首（★ StatTrak™） | 传说 (久经沙场)max,1846.70,猎杀者匕首（★ StatTrak™） | 传说 (久经沙场)buff,1250,596.7
猎杀者匕首（★ StatTrak™） | 多普勒 (崭新出厂)max,2149.99,猎杀者匕首（★ StatTrak™） | 多普勒 (崭新出厂)buff,1594.92,555.0699999999997
猎杀者匕首（★ StatTrak™） | 大马士革钢 (略有磨损)igxe,749.00,猎杀者匕首（★ StatTrak™） | 大马士革钢 (略有磨损)max,1054.98,-305.98
猎杀者匕首（★ StatTrak™） | 自由之手 (久经沙场)max,899.84,猎杀者匕首（★ StatTrak™） | 自由之手 (久经沙场)buff,665.5,234.34000000000003
猎杀者匕首（★ StatTrak™） | 虎牙 (崭新出厂)max,1752.81,猎杀者匕首（★ StatTrak™） | 虎牙 (崭新出厂)buff,1244,508.80999999999995
猎杀者匕首（★）buff,845,猎杀者匕首（★）max,1213.60,-368.5999999999999
猎杀者匕首（★） | 传说 (久经沙场)max,1535.32,猎杀者匕首（★） | 传说 (久经沙场)buff,1130,405.31999999999994
猎杀者匕首（★） | 传说 (崭新出厂)max,2558.82,猎杀者匕首（★） | 传说 (崭新出厂)buff,2050,508.82000000000016
猎杀者匕首（★） | 伽玛多普勒 (崭新出厂)max,1886.56,猎杀者匕首（★） | 伽玛多普勒 (崭新出厂)buff,1310,576.56
猎杀者匕首（★） | 北方森林 (久经沙场)max,606.65,猎杀者匕首（★） | 北方森林 (久经沙场)buff,445,161.64999999999998
猎杀者匕首（★） | 北方森林 (战痕累累)igxe,450.00,猎杀者匕首（★） | 北方森林 (战痕累累)max,1410.81,-960.81
猎杀者匕首（★） | 北方森林 (略有磨损)max,782.77,猎杀者匕首（★） | 北方森林 (略有磨损)buff,530,252.76999999999998
猎杀者匕首（★） | 外表生锈 (战痕累累)max,539.30,猎杀者匕首（★） | 外表生锈 (战痕累累)buff,438,101.29999999999995
猎杀者匕首（★） | 多普勒 (崭新出厂)max,1605.21,猎杀者匕首（★） | 多普勒 (崭新出厂)buff,1219.5,385.71000000000004
猎杀者匕首（★） | 大马士革钢 (久经沙场)max,741.63,猎杀者匕首（★） | 大马士革钢 (久经沙场)buff,554.5,187.13
猎杀者匕首（★） | 大马士革钢 (崭新出厂)igxe,693.00,猎杀者匕首（★） | 大马士革钢 (崭新出厂)max,1017.75,-324.75
猎杀者匕首（★） | 大马士革钢 (略有磨损)max,827.28,猎杀者匕首（★） | 大马士革钢 (略有磨损)buff,624.44,202.83999999999992
猎杀者匕首（★） | 枯焦之色 (略有磨损)max,676.20,猎杀者匕首（★） | 枯焦之色 (略有磨损)buff,494.5,181.70000000000005
猎杀者匕首（★） | 森林 DDPAT (战痕累累)max,627.58,猎杀者匕首（★） | 森林 DDPAT (战痕累累)buff,449,178.58000000000004
猎杀者匕首（★） | 深红之网 (久经沙场)igxe,867.76,猎杀者匕首（★） | 深红之网 (久经沙场)max,1103.49,-235.73000000000002
猎杀者匕首（★） | 渐变之色 (崭新出厂)max,2015.10,猎杀者匕首（★） | 渐变之色 (崭新出厂)buff,1447,568.0999999999999
猎杀者匕首（★） | 渐变大理石 (崭新出厂)max,1814.94,猎杀者匕首（★） | 渐变大理石 (崭新出厂)buff,1283,531.94
猎杀者匕首（★） | 澄澈之水 (久经沙场)max,651.66,猎杀者匕首（★） | 澄澈之水 (久经沙场)buff,501.4,150.26
猎杀者匕首（★） | 澄澈之水 (崭新出厂)max,888.34,猎杀者匕首（★） | 澄澈之水 (崭新出厂)buff,666,222.34000000000003
猎杀者匕首（★） | 澄澈之水 (略有磨损)max,861.59,猎杀者匕首（★） | 澄澈之水 (略有磨损)buff,582,279.59000000000003
猎杀者匕首（★） | 自动化 (略有磨损)max,1492.78,猎杀者匕首（★） | 自动化 (略有磨损)buff,1025.5,467.28
猎杀者匕首（★） | 自由之手 (久经沙场)max,739.76,猎杀者匕首（★） | 自由之手 (久经沙场)buff,534,205.76
猎杀者匕首（★） | 自由之手 (崭新出厂)igxe,746.18,猎杀者匕首（★） | 自由之手 (崭新出厂)max,1005.71,-259.5300000000001
猎杀者匕首（★） | 自由之手 (略有磨损)max,929.67,猎杀者匕首（★） | 自由之手 (略有磨损)buff,636,293.66999999999996
猎杀者匕首（★） | 致命紫罗兰 (久经沙场)max,671.66,猎杀者匕首（★） | 致命紫罗兰 (久经沙场)buff,479,192.65999999999997
猎杀者匕首（★） | 致命紫罗兰 (战痕累累)max,633.40,猎杀者匕首（★） | 致命紫罗兰 (战痕累累)buff,472.49,160.90999999999997
猎杀者匕首（★） | 致命紫罗兰 (略有磨损)max,946.79,猎杀者匕首（★） | 致命紫罗兰 (略有磨损)igxe,675.00,271.78999999999996
猎杀者匕首（★） | 蓝钢 (战痕累累)max,842.53,猎杀者匕首（★） | 蓝钢 (战痕累累)buff,568.5,274.03
猎杀者匕首（★） | 蓝钢 (略有磨损)max,867.01,猎杀者匕首（★） | 蓝钢 (略有磨损)buff,654,213.01
猎杀者匕首（★） | 虎牙 (崭新出厂)max,1374.54,猎杀者匕首（★） | 虎牙 (崭新出厂)buff,1048.9,325.6399999999999
猎杀者匕首（★） | 黑色层压板 (久经沙场)max,895.76,猎杀者匕首（★） | 黑色层压板 (久经沙场)buff,715,180.76
猎杀者匕首（★） | 黑色层压板 (战痕累累)buff,980,猎杀者匕首（★） | 黑色层压板 (战痕累累)igxe,1100.00,-120.0
猎杀者匕首（★） | 黑色层压板 (略有磨损)max,981.90,猎杀者匕首（★） | 黑色层压板 (略有磨损)buff,748.5,233.39999999999998
猎杀者匕首（★） | 黑色层压板 (破损不堪)igxe,720.00,猎杀者匕首（★） | 黑色层压板 (破损不堪)max,1036.54,-316.53999999999996
短剑（★ StatTrak™）max,1651.28,短剑（★ StatTrak™）buff,1257.98,393.29999999999995
短剑（★ StatTrak™） | 北方森林 (略有磨损)max,875.93,短剑（★ StatTrak™） | 北方森林 (略有磨损)buff,698,177.92999999999995
短剑（★ StatTrak™） | 大马士革钢 (久经沙场)igxe,927.14,短剑（★ StatTrak™） | 大马士革钢 (久经沙场)max,1273.89,-346.7500000000001
短剑（★ StatTrak™） | 大马士革钢 (崭新出厂)max,1946.35,短剑（★ StatTrak™） | 大马士革钢 (崭新出厂)buff,1195,751.3499999999999
短剑（★ StatTrak™） | 大马士革钢 (战痕累累)igxe,900.00,短剑（★ StatTrak™） | 大马士革钢 (战痕累累)max,1167.63,-267.6300000000001
短剑（★ StatTrak™） | 大马士革钢 (略有磨损)max,1803.57,短剑（★ StatTrak™） | 大马士革钢 (略有磨损)buff,1000,803.5699999999999
短剑（★ StatTrak™） | 森林 DDPAT (久经沙场)max,892.49,短剑（★ StatTrak™） | 森林 DDPAT (久经沙场)buff,609.5,282.99
短剑（★ StatTrak™） | 渐变之色 (崭新出厂)max,3835.32,短剑（★ StatTrak™） | 渐变之色 (崭新出厂)buff,2700,1135.3200000000002
短剑（★ StatTrak™） | 渐变大理石 (崭新出厂)max,3064.15,短剑（★ StatTrak™） | 渐变大理石 (崭新出厂)buff,1989.5,1074.65
短剑（★ StatTrak™） | 狩猎网格 (久经沙场)buff,569.5,短剑（★ StatTrak™） | 狩猎网格 (久经沙场)max,1347.59,-778.0899999999999
短剑（★ StatTrak™） | 致命紫罗兰 (久经沙场)igxe,825.00,短剑（★ StatTrak™） | 致命紫罗兰 (久经沙场)max,1171.90,-346.9000000000001
短剑（★ StatTrak™） | 致命紫罗兰 (战痕累累)max,965.65,短剑（★ StatTrak™） | 致命紫罗兰 (战痕累累)igxe,647.34,318.30999999999995
短剑（★ StatTrak™） | 致命紫罗兰 (略有磨损)max,2021.92,短剑（★ StatTrak™） | 致命紫罗兰 (略有磨损)igxe,1069.00,952.9200000000001
短剑（★ StatTrak™） | 虎牙 (崭新出厂)max,2271.85,短剑（★ StatTrak™） | 虎牙 (崭新出厂)buff,1655,616.8499999999999
短剑（★ StatTrak™） | 表面淬火 (久经沙场)max,1762.35,短剑（★ StatTrak™） | 表面淬火 (久经沙场)buff,1299,463.3499999999999
短剑（★ StatTrak™） | 都市伪装 (久经沙场)max,996.08,短剑（★ StatTrak™） | 都市伪装 (久经沙场)buff,659,337.08000000000004
短剑（★）max,1591.70,短剑（★）buff,1240,351.70000000000005
短剑（★） | 人工染色 (略有磨损)buff,895,短剑（★） | 人工染色 (略有磨损)max,1188.31,-293.30999999999995
短剑（★） | 北方森林 (崭新出厂)max,1472.54,短剑（★） | 北方森林 (崭新出厂)buff,1030,442.53999999999996
短剑（★） | 北方森林 (战痕累累)max,786.82,短剑（★） | 北方森林 (战痕累累)buff,547.98,238.84000000000003
短剑（★） | 外表生锈 (战痕累累)max,862.73,短剑（★） | 外表生锈 (战痕累累)igxe,664.17,198.56000000000006
短剑（★） | 外表生锈 (破损不堪)max,943.51,短剑（★） | 外表生锈 (破损不堪)buff,700,243.51
短剑（★） | 多普勒 (崭新出厂)max,2573.13,短剑（★） | 多普勒 (崭新出厂)buff,1845,728.1300000000001
短剑（★） | 多普勒 (略有磨损)max,2631.92,短剑（★） | 多普勒 (略有磨损)buff,1840,791.9200000000001
短剑（★） | 夜色 (久经沙场)max,905.60,短剑（★） | 夜色 (久经沙场)buff,656,249.60000000000002
短剑（★） | 夜色 (战痕累累)max,769.36,短剑（★） | 夜色 (战痕累累)igxe,585.00,184.36
短剑（★） | 夜色 (略有磨损)igxe,770.00,短剑（★） | 夜色 (略有磨损)max,1054.98,-284.98
短剑（★） | 夜色 (破损不堪)max,882.79,短剑（★） | 夜色 (破损不堪)buff,638,244.78999999999996
短剑（★） | 大马士革钢 (久经沙场)igxe,890.00,短剑（★） | 大马士革钢 (久经沙场)max,1138.66,-248.66000000000008
短剑（★） | 大马士革钢 (崭新出厂)max,1401.96,短剑（★） | 大马士革钢 (崭新出厂)buff,1096.93,305.03
短剑（★） | 大马士革钢 (战痕累累)igxe,800.00,短剑（★） | 大马士革钢 (战痕累累)max,1124.42,-324.4200000000001
短剑（★） | 大马士革钢 (略有磨损)buff,996,短剑（★） | 大马士革钢 (略有磨损)igxe,1010.00,-14.0
短剑（★） | 屠夫 (久经沙场)max,2242.49,短剑（★） | 屠夫 (久经沙场)buff,1545,697.4899999999998
短剑（★） | 屠夫 (崭新出厂)max,2558.82,短剑（★） | 屠夫 (崭新出厂)buff,1848.5,710.3200000000002
短剑（★） | 屠夫 (略有磨损)max,2338.52,短剑（★） | 屠夫 (略有磨损)igxe,1650.00,688.52
短剑（★） | 枯焦之色 (久经沙场)max,761.14,短剑（★） | 枯焦之色 (久经沙场)buff,545,216.14
短剑（★） | 枯焦之色 (略有磨损)buff,613,短剑（★） | 枯焦之色 (略有磨损)max,1705.05,-1092.05
短剑（★） | 森林 DDPAT (久经沙场)max,781.47,短剑（★） | 森林 DDPAT (久经沙场)buff,549.5,231.97000000000003
短剑（★） | 森林 DDPAT (略有磨损)max,932.08,短剑（★） | 森林 DDPAT (略有磨损)buff,630,302.08000000000004
短剑（★） | 深红之网 (久经沙场)max,1760.16,短剑（★） | 深红之网 (久经沙场)buff,1274,486.1600000000001
短剑（★） | 深红之网 (战痕累累)igxe,888.88,短剑（★） | 深红之网 (战痕累累)max,1410.66,-521.7800000000001
短剑（★） | 深红之网 (略有磨损)max,3224.99,短剑（★） | 深红之网 (略有磨损)buff,2148.5,1076.4899999999998
短剑（★） | 渐变之色 (崭新出厂)max,3531.76,短剑（★） | 渐变之色 (崭新出厂)buff,2699,832.7600000000002
短剑（★） | 渐变大理石 (崭新出厂)max,2648.37,短剑（★） | 渐变大理石 (崭新出厂)buff,1968.99,679.3799999999999
短剑（★） | 狩猎网格 (久经沙场)max,744.55,短剑（★） | 狩猎网格 (久经沙场)buff,549,195.54999999999995
短剑（★） | 狩猎网格 (战痕累累)max,763.68,短剑（★） | 狩猎网格 (战痕累累)buff,548.5,215.17999999999995
短剑（★） | 狩猎网格 (略有磨损)max,832.03,短剑（★） | 狩猎网格 (略有磨损)igxe,596.00,236.02999999999997
短剑（★） | 致命紫罗兰 (久经沙场)igxe,803.89,短剑（★） | 致命紫罗兰 (久经沙场)max,1009.46,-205.57000000000005
短剑（★） | 致命紫罗兰 (略有磨损)max,1585.61,短剑（★） | 致命紫罗兰 (略有磨损)buff,1020,565.6099999999999
短剑（★） | 致命紫罗兰 (破损不堪)igxe,800.00,短剑（★） | 致命紫罗兰 (破损不堪)max,1015.61,-215.61
短剑（★） | 蓝钢 (崭新出厂)max,2071.35,短剑（★） | 蓝钢 (崭新出厂)buff,1260,811.3499999999999
短剑（★） | 蓝钢 (略有磨损)igxe,946.00,短剑（★） | 蓝钢 (略有磨损)max,1338.76,-392.76
短剑（★） | 虎牙 (崭新出厂)max,2085.93,短剑（★） | 虎牙 (崭新出厂)buff,1641.5,444.42999999999984
短剑（★） | 虎牙 (略有磨损)max,2432.96,短剑（★） | 虎牙 (略有磨损)buff,1629,803.96
短剑（★） | 表面淬火 (久经沙场)max,1744.58,短剑（★） | 表面淬火 (久经沙场)buff,1180,564.5799999999999
短剑（★） | 表面淬火 (崭新出厂)max,5501.72,短剑（★） | 表面淬火 (崭新出厂)igxe,2230.00,3271.7200000000003
短剑（★） | 表面淬火 (战痕累累)buff,929.5,短剑（★） | 表面淬火 (战痕累累)max,1415.41,-485.9100000000001
短剑（★） | 表面淬火 (略有磨损)max,1784.77,短剑（★） | 表面淬火 (略有磨损)buff,1376.5,408.27
短剑（★） | 表面淬火 (破损不堪)max,1441.76,短剑（★） | 表面淬火 (破损不堪)igxe,1000.00,441.76
短剑（★） | 都市伪装 (久经沙场)max,799.66,短剑（★） | 都市伪装 (久经沙场)buff,634.3,165.36
短剑（★） | 都市伪装 (战痕累累)max,814.91,短剑（★） | 都市伪装 (战痕累累)buff,568.9,246.01
穿肠刀（★ StatTrak™） | 传说 (久经沙场)igxe,780.00,穿肠刀（★ StatTrak™） | 传说 (久经沙场)max,1010.66,-230.65999999999997
穿肠刀（★ StatTrak™） | 传说 (战痕累累)igxe,688.00,穿肠刀（★ StatTrak™） | 传说 (战痕累累)max,1116.93,-428.93000000000006
穿肠刀（★ StatTrak™） | 传说 (略有磨损)max,1407.38,穿肠刀（★ StatTrak™） | 传说 (略有磨损)buff,1000,407.3800000000001
穿肠刀（★ StatTrak™） | 北方森林 (战痕累累)max,585.44,穿肠刀（★ StatTrak™） | 北方森林 (战痕累累)buff,400,185.44000000000005
