1570,M9 刺刀（★ StatTrak™） | 人工染色 (略有磨损)
4157,M9 刺刀（★ StatTrak™） | 传说 (久经沙场)
9348,M9 刺刀（★ StatTrak™） | 传说 (略有磨损)
1505,M9 刺刀（★ StatTrak™） | 噩梦之夜 (久经沙场)
1479,M9 刺刀（★ StatTrak™） | 外表生锈 (战痕累累)
1570,M9 刺刀（★ StatTrak™） | 人工染色 (略有磨损)
4157,M9 刺刀（★ StatTrak™） | 传说 (久经沙场)
9348,M9 刺刀（★ StatTrak™） | 传说 (略有磨损)
1505,M9 刺刀（★ StatTrak™） | 噩梦之夜 (久经沙场)
1479,M9 刺刀（★ StatTrak™） | 外表生锈 (战痕累累)
3199,M9 刺刀（★ StatTrak™） | 多普勒 (崭新出厂)
1300,M9 刺刀（★ StatTrak™） | 枯焦之色 (久经沙场)
2400,M9 刺刀（★ StatTrak™） | 深红之网 (战痕累累)
5600,M9 刺刀（★ StatTrak™） | 渐变之色 (崭新出厂)
2300,M9 刺刀（★ StatTrak™） | 澄澈之水 (崭新出厂)
2100,M9 刺刀（★ StatTrak™） | 澄澈之水 (略有磨损)
3266,M9 刺刀（★ StatTrak™） | 自动化 (久经沙场)
1710,M9 刺刀（★ StatTrak™） | 自由之手 (久经沙场)
1520,M9 刺刀（★ StatTrak™） | 致命紫罗兰 (久经沙场)
1285,M9 刺刀（★ StatTrak™） | 都市伪装 (久经沙场)
2445,M9 刺刀（★ StatTrak™） | 黑色层压板 (久经沙场)
2399.49,M9 刺刀（★ StatTrak™） | 黑色层压板 (破损不堪)
3230,M9 刺刀（★）
1539,M9 刺刀（★） | 人工染色 (略有磨损)
12900,M9 刺刀（★） | 传说 (崭新出厂)
2127,M9 刺刀（★） | 传说 (战痕累累)
3060,M9 刺刀（★） | 传说 (破损不堪)
4100,M9 刺刀（★） | 伽玛多普勒 (崭新出厂)
3729.98,M9 刺刀（★） | 伽玛多普勒 (略有磨损)
1328,M9 刺刀（★） | 北方森林 (久经沙场)
1248,M9 刺刀（★） | 北方森林 (破损不堪)
1519.3,M9 刺刀（★） | 噩梦之夜 (久经沙场)
1425,M9 刺刀（★） | 噩梦之夜 (战痕累累)
1473.5,M9 刺刀（★） | 外表生锈 (战痕累累)
3128,M9 刺刀（★） | 多普勒 (崭新出厂)
3039,M9 刺刀（★） | 多普勒 (略有磨损)
1768,M9 刺刀（★） | 大马士革钢 (久经沙场)
2129.5,M9 刺刀（★） | 大马士革钢 (崭新出厂)
1946.9,M9 刺刀（★） | 大马士革钢 (略有磨损)
1680,M9 刺刀（★） | 大马士革钢 (破损不堪)
3048,M9 刺刀（★） | 屠夫 (略有磨损)
1230,M9 刺刀（★） | 枯焦之色 (久经沙场)
1294.5,M9 刺刀（★） | 枯焦之色 (略有磨损)
1210,M9 刺刀（★） | 枯焦之色 (破损不堪)
1249,M9 刺刀（★） | 森林 DDPAT (久经沙场)
1470,M9 刺刀（★） | 森林 DDPAT (略有磨损)
2400,M9 刺刀（★） | 深红之网 (久经沙场)
38888,M9 刺刀（★） | 深红之网 (崭新出厂)
1996.45,M9 刺刀（★） | 深红之网 (战痕累累)
6659.5,M9 刺刀（★） | 深红之网 (略有磨损)
2026,M9 刺刀（★） | 深红之网 (破损不堪)
5390,M9 刺刀（★） | 渐变之色 (崭新出厂)
5145,M9 刺刀（★） | 渐变大理石 (崭新出厂)
1775,M9 刺刀（★） | 澄澈之水 (久经沙场)
2307.4,M9 刺刀（★） | 澄澈之水 (崭新出厂)
2050,M9 刺刀（★） | 澄澈之水 (略有磨损)
1211.5,M9 刺刀（★） | 狩猎网格 (久经沙场)
1300,M9 刺刀（★） | 狩猎网格 (略有磨损)
3230,M9 刺刀（★） | 自动化 (久经沙场)
5647.5,M9 刺刀（★） | 自动化 (崭新出厂)
2689,M9 刺刀（★） | 自动化 (战痕累累)
3970,M9 刺刀（★） | 自动化 (略有磨损)
1714,M9 刺刀（★） | 自由之手 (久经沙场)
2069,M9 刺刀（★） | 自由之手 (崭新出厂)
1899,M9 刺刀（★） | 自由之手 (略有磨损)
1545,M9 刺刀（★） | 致命紫罗兰 (久经沙场)
1414,M9 刺刀（★） | 致命紫罗兰 (战痕累累)
2331,M9 刺刀（★） | 致命紫罗兰 (略有磨损)
1749.5,M9 刺刀（★） | 蓝钢 (久经沙场)
1770,M9 刺刀（★） | 蓝钢 (战痕累累)
1879.5,M9 刺刀（★） | 蓝钢 (略有磨损)
1723.08,M9 刺刀（★） | 蓝钢 (破损不堪)
3530,M9 刺刀（★） | 虎牙 (崭新出厂)
3448,M9 刺刀（★） | 虎牙 (略有磨损)
1979,M9 刺刀（★） | 表面淬火 (久经沙场)
1693,M9 刺刀（★） | 表面淬火 (战痕累累)
2262.8,M9 刺刀（★） | 表面淬火 (略有磨损)
1240,M9 刺刀（★） | 都市伪装 (久经沙场)
2428,M9 刺刀（★） | 黑色层压板 (战痕累累)
2409,M9 刺刀（★） | 黑色层压板 (破损不堪)
2460,刺刀（★ StatTrak™）
1150,刺刀（★ StatTrak™） | 人工染色 (破损不堪)
2320,刺刀（★ StatTrak™） | 传说 (久经沙场)
3849,刺刀（★ StatTrak™） | 传说 (略有磨损)
3050,刺刀（★ StatTrak™） | 伽玛多普勒 (崭新出厂)
2457.5,刺刀（★ StatTrak™） | 多普勒 (崭新出厂)
1275,刺刀（★ StatTrak™） | 大马士革钢 (久经沙场)
1499,刺刀（★ StatTrak™） | 大马士革钢 (略有磨损)
1978,刺刀（★ StatTrak™） | 屠夫 (久经沙场)
2785,刺刀（★ StatTrak™） | 深红之网 (略有磨损)
1150,刺刀（★ StatTrak™） | 澄澈之水 (久经沙场)
1630,刺刀（★ StatTrak™） | 澄澈之水 (崭新出厂)
1379,刺刀（★ StatTrak™） | 澄澈之水 (略有磨损)
1050,刺刀（★ StatTrak™） | 狩猎网格 (略有磨损)
2134.5,刺刀（★ StatTrak™） | 自动化 (久经沙场)
2700,刺刀（★ StatTrak™） | 自动化 (略有磨损)
1540,刺刀（★ StatTrak™） | 自由之手 (略有磨损)
2399.99,刺刀（★ StatTrak™） | 虎牙 (崭新出厂)
1758,刺刀（★ StatTrak™） | 表面淬火 (久经沙场)
2459.49,刺刀（★）
1070,刺刀（★） | 人工染色 (久经沙场)
1150,刺刀（★） | 人工染色 (略有磨损)
2371.77,刺刀（★） | 传说 (久经沙场)
3725,刺刀（★） | 传说 (略有磨损)
2034,刺刀（★） | 传说 (破损不堪)
2840,刺刀（★） | 伽玛多普勒 (崭新出厂)
820,刺刀（★） | 北方森林 (战痕累累)
980,刺刀（★） | 北方森林 (略有磨损)
821.5,刺刀（★） | 北方森林 (破损不堪)
915.9,刺刀（★） | 噩梦之夜 (久经沙场)
930,刺刀（★） | 噩梦之夜 (战痕累累)
995.38,刺刀（★） | 外表生锈 (战痕累累)
2190,刺刀（★） | 多普勒 (崭新出厂)
2283.99,刺刀（★） | 多普勒 (略有磨损)
1264,刺刀（★） | 大马士革钢 (久经沙场)
1565,刺刀（★） | 大马士革钢 (崭新出厂)
1425,刺刀（★） | 大马士革钢 (略有磨损)
1684.5,刺刀（★） | 屠夫 (久经沙场)
2029,刺刀（★） | 屠夫 (略有磨损)
822.5,刺刀（★） | 枯焦之色 (战痕累累)
900,刺刀（★） | 枯焦之色 (略有磨损)
814.5,刺刀（★） | 森林 DDPAT (久经沙场)
955,刺刀（★） | 森林 DDPAT (略有磨损)
1334,刺刀（★） | 深红之网 (久经沙场)
1299.4,刺刀（★） | 深红之网 (战痕累累)
2323,刺刀（★） | 深红之网 (略有磨损)
1294,刺刀（★） | 深红之网 (破损不堪)
3448.5,刺刀（★） | 渐变之色 (崭新出厂)
3040,刺刀（★） | 渐变大理石 (崭新出厂)
1159,刺刀（★） | 澄澈之水 (久经沙场)
1559.5,刺刀（★） | 澄澈之水 (崭新出厂)
1111,刺刀（★） | 澄澈之水 (战痕累累)
1388,刺刀（★） | 澄澈之水 (略有磨损)
1101,刺刀（★） | 澄澈之水 (破损不堪)
814,刺刀（★） | 狩猎网格 (久经沙场)
2126.5,刺刀（★） | 自动化 (久经沙场)
4000,刺刀（★） | 自动化 (崭新出厂)
1747.5,刺刀（★） | 自动化 (战痕累累)
2628.5,刺刀（★） | 自动化 (略有磨损)
1283,刺刀（★） | 自由之手 (久经沙场)
1627,刺刀（★） | 自由之手 (崭新出厂)
1490,刺刀（★） | 自由之手 (略有磨损)
1110,刺刀（★） | 自由之手 (破损不堪)
922,刺刀（★） | 致命紫罗兰 (久经沙场)
900,刺刀（★） | 致命紫罗兰 (战痕累累)
1279.9,刺刀（★） | 致命紫罗兰 (略有磨损)
897.5,刺刀（★） | 致命紫罗兰 (破损不堪)
1175,刺刀（★） | 蓝钢 (久经沙场)
1099.5,刺刀（★） | 蓝钢 (战痕累累)
1258.5,刺刀（★） | 蓝钢 (略有磨损)
1110,刺刀（★） | 蓝钢 (破损不堪)
2309.5,刺刀（★） | 虎牙 (崭新出厂)
2270,刺刀（★） | 虎牙 (略有磨损)
1509.5,刺刀（★） | 表面淬火 (久经沙场)
1739,刺刀（★） | 表面淬火 (略有磨损)
1350,刺刀（★） | 表面淬火 (破损不堪)
831,刺刀（★） | 都市伪装 (久经沙场)
815,刺刀（★） | 都市伪装 (战痕累累)
974.99,刺刀（★） | 都市伪装 (略有磨损)
820.8,刺刀（★） | 都市伪装 (破损不堪)
1350,刺刀（★） | 黑色层压板 (久经沙场)
1339.5,刺刀（★） | 黑色层压板 (战痕累累)
1440,刺刀（★） | 黑色层压板 (略有磨损)
1301,刺刀（★） | 黑色层压板 (破损不堪)
673,弯刀（★ StatTrak™）
565,弯刀（★ StatTrak™） | 人工染色 (略有磨损)
1058.9,弯刀（★ StatTrak™） | 传说 (略有磨损)
1362,弯刀（★ StatTrak™） | 伽玛多普勒 (崭新出厂)
900,弯刀（★ StatTrak™） | 大马士革钢 (崭新出厂)
440,弯刀（★ StatTrak™） | 枯焦之色 (战痕累累)
475,弯刀（★ StatTrak™） | 森林 DDPAT (久经沙场)
1260,弯刀（★ StatTrak™） | 渐变之色 (崭新出厂)
642,弯刀（★ StatTrak™） | 澄澈之水 (略有磨损)
529.98,弯刀（★ StatTrak™） | 澄澈之水 (破损不堪)
400,弯刀（★ StatTrak™） | 狩猎网格 (久经沙场)
798.97,弯刀（★ StatTrak™） | 自动化 (久经沙场)
532,弯刀（★ StatTrak™） | 致命紫罗兰 (久经沙场)
697.9,弯刀（★ StatTrak™） | 蓝钢 (久经沙场)
494.87,弯刀（★ StatTrak™） | 都市伪装 (战痕累累)
529.5,弯刀（★ StatTrak™） | 黑色层压板 (战痕累累)
602.9,弯刀（★ StatTrak™） | 黑色层压板 (略有磨损)
568.3,弯刀（★）
398.99,弯刀（★） | 人工染色 (久经沙场)
409.94,弯刀（★） | 人工染色 (战痕累累)
438.7,弯刀（★） | 人工染色 (略有磨损)
1109,弯刀（★） | 传说 (崭新出厂)
895,弯刀（★） | 传说 (略有磨损)
760,弯刀（★） | 传说 (破损不堪)
1229.9,弯刀（★） | 伽玛多普勒 (崭新出厂)
1333.97,弯刀（★） | 伽玛多普勒 (略有磨损)
395.95,弯刀（★） | 北方森林 (战痕累累)
410.49,弯刀（★） | 噩梦之夜 (战痕累累)
396.5,弯刀（★） | 外表生锈 (战痕累累)
449.49,弯刀（★） | 外表生锈 (破损不堪)
1174,弯刀（★） | 多普勒 (崭新出厂)
557.5,弯刀（★） | 大马士革钢 (久经沙场)
691.5,弯刀（★） | 大马士革钢 (崭新出厂)
537,弯刀（★） | 大马士革钢 (破损不堪)
919,弯刀（★） | 屠夫 (崭新出厂)
824,弯刀（★） | 屠夫 (略有磨损)
419,弯刀（★） | 枯焦之色 (略有磨损)
401.5,弯刀（★） | 森林 DDPAT (久经沙场)
427.5,弯刀（★） | 森林 DDPAT (略有磨损)
679.5,弯刀（★） | 深红之网 (久经沙场)
1085,弯刀（★） | 渐变之色 (崭新出厂)
1074,弯刀（★） | 渐变大理石 (崭新出厂)
504,弯刀（★） | 澄澈之水 (久经沙场)
588,弯刀（★） | 澄澈之水 (崭新出厂)
555,弯刀（★） | 澄澈之水 (略有磨损)
385,弯刀（★） | 狩猎网格 (久经沙场)
398.4,弯刀（★） | 狩猎网格 (战痕累累)
698.5,弯刀（★） | 自动化 (久经沙场)
818,弯刀（★） | 自动化 (略有磨损)
560.5,弯刀（★） | 自由之手 (久经沙场)
683.9,弯刀（★） | 自由之手 (崭新出厂)
608,弯刀（★） | 自由之手 (略有磨损)
595.67,弯刀（★） | 自由之手 (破损不堪)
468.9,弯刀（★） | 致命紫罗兰 (久经沙场)
420,弯刀（★） | 致命紫罗兰 (战痕累累)
598.99,弯刀（★） | 致命紫罗兰 (略有磨损)
459.99,弯刀（★） | 致命紫罗兰 (破损不堪)
529,弯刀（★） | 蓝钢 (略有磨损)
489.99,弯刀（★） | 蓝钢 (破损不堪)
894,弯刀（★） | 虎牙 (崭新出厂)
601,弯刀（★） | 表面淬火 (久经沙场)
1274.97,弯刀（★） | 表面淬火 (崭新出厂)
580,弯刀（★） | 表面淬火 (战痕累累)
686,弯刀（★） | 表面淬火 (略有磨损)
579.47,弯刀（★） | 表面淬火 (破损不堪)
415,弯刀（★） | 都市伪装 (久经沙场)
400,弯刀（★） | 都市伪装 (战痕累累)
474.5,弯刀（★） | 都市伪装 (略有磨损)
400,弯刀（★） | 都市伪装 (破损不堪)
460,弯刀（★） | 黑色层压板 (久经沙场)
709.4,弯刀（★） | 黑色层压板 (崭新出厂)
454,弯刀（★） | 黑色层压板 (战痕累累)
490,弯刀（★） | 黑色层压板 (略有磨损)
339.99,折刀（★ StatTrak™） | 北方森林 (久经沙场)
728.93,折刀（★ StatTrak™） | 多普勒 (崭新出厂)
566.65,折刀（★ StatTrak™） | 屠夫 (略有磨损)
353.4,折刀（★ StatTrak™） | 枯焦之色 (久经沙场)
318,折刀（★ StatTrak™） | 森林 DDPAT (久经沙场)
823.99,折刀（★ StatTrak™） | 深红之网 (略有磨损)
730,折刀（★ StatTrak™） | 渐变之色 (崭新出厂)
328.34,折刀（★ StatTrak™） | 狩猎网格 (久经沙场)
522,折刀（★ StatTrak™） | 蓝钢 (战痕累累)
449.99,折刀（★ StatTrak™） | 蓝钢 (略有磨损)
331.8,折刀（★） | 人工染色 (战痕累累)
314.5,折刀（★） | 北方森林 (久经沙场)
312.9,折刀（★） | 外表生锈 (战痕累累)
585,折刀（★） | 多普勒 (崭新出厂)
323,折刀（★） | 夜色 (久经沙场)
313.5,折刀（★） | 夜色 (战痕累累)
330,折刀（★） | 大马士革钢 (久经沙场)
375,折刀（★） | 大马士革钢 (崭新出厂)
485,折刀（★） | 屠夫 (久经沙场)
552,折刀（★） | 屠夫 (崭新出厂)
497.2,折刀（★） | 屠夫 (略有磨损)
317,折刀（★） | 枯焦之色 (战痕累累)
334.47,折刀（★） | 枯焦之色 (略有磨损)
346.47,折刀（★） | 枯焦之色 (破损不堪)
309.5,折刀（★） | 森林 DDPAT (久经沙场)
537,折刀（★） | 深红之网 (略有磨损)
693,折刀（★） | 渐变之色 (崭新出厂)
583,折刀（★） | 渐变大理石 (崭新出厂)
310.9,折刀（★） | 狩猎网格 (久经沙场)
345.5,折刀（★） | 致命紫罗兰 (久经沙场)
330,折刀（★） | 致命紫罗兰 (战痕累累)
400.46,折刀（★） | 致命紫罗兰 (略有磨损)
358.99,折刀（★） | 蓝钢 (略有磨损)
333,折刀（★） | 蓝钢 (破损不堪)
508,折刀（★） | 虎牙 (崭新出厂)
454.99,折刀（★） | 表面淬火 (久经沙场)
760,折刀（★） | 表面淬火 (崭新出厂)
412.98,折刀（★） | 表面淬火 (战痕累累)
498.5,折刀（★） | 表面淬火 (略有磨损)
420,折刀（★） | 表面淬火 (破损不堪)
924.5,折叠刀（★ StatTrak™）
1325,折叠刀（★ StatTrak™） | 传说 (久经沙场)
2461.5,折叠刀（★ StatTrak™） | 传说 (崭新出厂)
1729.5,折叠刀（★ StatTrak™） | 传说 (略有磨损)
2000,折叠刀（★ StatTrak™） | 伽玛多普勒 (崭新出厂)
1515,折叠刀（★ StatTrak™） | 多普勒 (崭新出厂)
744.5,折叠刀（★ StatTrak™） | 大马士革钢 (久经沙场)
1520,折叠刀（★ StatTrak™） | 屠夫 (略有磨损)
547,折叠刀（★ StatTrak™） | 枯焦之色 (久经沙场)
594.99,折叠刀（★ StatTrak™） | 森林 DDPAT (久经沙场)
2647,折叠刀（★ StatTrak™） | 渐变之色 (崭新出厂)
798,折叠刀（★ StatTrak™） | 澄澈之水 (久经沙场)
959,折叠刀（★ StatTrak™） | 澄澈之水 (崭新出厂)
849,折叠刀（★ StatTrak™） | 澄澈之水 (略有磨损)
1140,折叠刀（★ StatTrak™） | 自动化 (久经沙场)
1409,折叠刀（★ StatTrak™） | 自动化 (略有磨损)
1040,折叠刀（★ StatTrak™） | 致命紫罗兰 (略有磨损)
834,折叠刀（★ StatTrak™） | 蓝钢 (略有磨损)
1479,折叠刀（★ StatTrak™） | 虎牙 (崭新出厂)
959.99,折叠刀（★ StatTrak™） | 表面淬火 (久经沙场)
799.5,折叠刀（★ StatTrak™） | 黑色层压板 (战痕累累)
888,折叠刀（★ StatTrak™） | 黑色层压板 (略有磨损)
777.77,折叠刀（★ StatTrak™） | 黑色层压板 (破损不堪)
916,折叠刀（★）
628,折叠刀（★） | 人工染色 (久经沙场)
668,折叠刀（★） | 人工染色 (略有磨损)
1328.5,折叠刀（★） | 传说 (久经沙场)
2299.5,折叠刀（★） | 传说 (崭新出厂)
1200,折叠刀（★） | 传说 (破损不堪)
1855,折叠刀（★） | 伽玛多普勒 (崭新出厂)
540,折叠刀（★） | 北方森林 (久经沙场)
525,折叠刀（★） | 北方森林 (战痕累累)
598.9,折叠刀（★） | 北方森林 (略有磨损)
673,折叠刀（★） | 噩梦之夜 (久经沙场)
639,折叠刀（★） | 外表生锈 (破损不堪)
1430,折叠刀（★） | 多普勒 (崭新出厂)
699.5,折叠刀（★） | 大马士革钢 (久经沙场)
819.9,折叠刀（★） | 大马士革钢 (略有磨损)
669,折叠刀（★） | 大马士革钢 (破损不堪)
1550,折叠刀（★） | 屠夫 (崭新出厂)
1400,折叠刀（★） | 屠夫 (略有磨损)
534,折叠刀（★） | 枯焦之色 (久经沙场)
520,折叠刀（★） | 枯焦之色 (战痕累累)
587.49,折叠刀（★） | 枯焦之色 (略有磨损)
1197,折叠刀（★） | 深红之网 (久经沙场)
810,折叠刀（★） | 深红之网 (战痕累累)
2245,折叠刀（★） | 深红之网 (略有磨损)
2599.5,折叠刀（★） | 渐变之色 (崭新出厂)
1897.5,折叠刀（★） | 渐变大理石 (崭新出厂)
1949.5,折叠刀（★） | 渐变大理石 (略有磨损)
755,折叠刀（★） | 澄澈之水 (久经沙场)
885.5,折叠刀（★） | 澄澈之水 (崭新出厂)
709,折叠刀（★） | 澄澈之水 (破损不堪)
525,折叠刀（★） | 狩猎网格 (久经沙场)
519.5,折叠刀（★） | 狩猎网格 (战痕累累)
559.9,折叠刀（★） | 狩猎网格 (略有磨损)
1089,折叠刀（★） | 自动化 (久经沙场)
1911,折叠刀（★） | 自动化 (崭新出厂)
890,折叠刀（★） | 自动化 (战痕累累)
770,折叠刀（★） | 自由之手 (久经沙场)
889.5,折叠刀（★） | 自由之手 (崭新出厂)
839.99,折叠刀（★） | 自由之手 (略有磨损)
704.8,折叠刀（★） | 致命紫罗兰 (久经沙场)
980,折叠刀（★） | 致命紫罗兰 (略有磨损)
663.5,折叠刀（★） | 致命紫罗兰 (破损不堪)
670,折叠刀（★） | 蓝钢 (战痕累累)
660,折叠刀（★） | 蓝钢 (破损不堪)
1426,折叠刀（★） | 虎牙 (崭新出厂)
894.5,折叠刀（★） | 表面淬火 (久经沙场)
1558,折叠刀（★） | 表面淬火 (崭新出厂)
999,折叠刀（★） | 表面淬火 (略有磨损)
784.5,折叠刀（★） | 表面淬火 (破损不堪)
532,折叠刀（★） | 都市伪装 (战痕累累)
773,折叠刀（★） | 黑色层压板 (久经沙场)
1019.88,折叠刀（★） | 黑色层压板 (崭新出厂)
763.5,折叠刀（★） | 黑色层压板 (战痕累累)
805,折叠刀（★） | 黑色层压板 (略有磨损)
739.5,折叠刀（★） | 黑色层压板 (破损不堪)
750,暗影双匕（★ StatTrak™）
613,暗影双匕（★ StatTrak™） | 传说 (战痕累累)
900,暗影双匕（★ StatTrak™） | 伽玛多普勒 (崭新出厂)
377.99,暗影双匕（★ StatTrak™） | 外表生锈 (战痕累累)
448,暗影双匕（★ StatTrak™） | 大马士革钢 (久经沙场)
700,暗影双匕（★ StatTrak™） | 大马士革钢 (崭新出厂)
1199,暗影双匕（★ StatTrak™） | 渐变之色 (崭新出厂)
830,暗影双匕（★ StatTrak™） | 渐变大理石 (崭新出厂)
410,暗影双匕（★ StatTrak™） | 澄澈之水 (久经沙场)
450,暗影双匕（★ StatTrak™） | 致命紫罗兰 (久经沙场)
434.98,暗影双匕（★ StatTrak™） | 黑色层压板 (久经沙场)
499.9,暗影双匕（★ StatTrak™） | 黑色层压板 (略有磨损)
546.5,暗影双匕（★）
374.99,暗影双匕（★） | 人工染色 (久经沙场)
639.99,暗影双匕（★） | 人工染色 (崭新出厂)
408.99,暗影双匕（★） | 人工染色 (略有磨损)
359.9,暗影双匕（★） | 人工染色 (破损不堪)
613.49,暗影双匕（★） | 传说 (久经沙场)
697.5,暗影双匕（★） | 传说 (略有磨损)
763,暗影双匕（★） | 伽玛多普勒 (崭新出厂)
918.5,暗影双匕（★） | 伽玛多普勒 (略有磨损)
373.49,暗影双匕（★） | 噩梦之夜 (久经沙场)
400,暗影双匕（★） | 噩梦之夜 (略有磨损)
329,暗影双匕（★） | 外表生锈 (战痕累累)
365,暗影双匕（★） | 外表生锈 (破损不堪)
740.5,暗影双匕（★） | 多普勒 (崭新出厂)
380,暗影双匕（★） | 大马士革钢 (久经沙场)
467.5,暗影双匕（★） | 大马士革钢 (崭新出厂)
408.88,暗影双匕（★） | 大马士革钢 (略有磨损)
636.99,暗影双匕（★） | 屠夫 (崭新出厂)
584,暗影双匕（★） | 屠夫 (略有磨损)
378.2,暗影双匕（★） | 枯焦之色 (战痕累累)
344.5,暗影双匕（★） | 森林 DDPAT (久经沙场)
505,暗影双匕（★） | 深红之网 (久经沙场)
689.5,暗影双匕（★） | 深红之网 (略有磨损)
938.5,暗影双匕（★） | 渐变之色 (崭新出厂)
655.5,暗影双匕（★） | 渐变大理石 (崭新出厂)
669.98,暗影双匕（★） | 渐变大理石 (略有磨损)
374,暗影双匕（★） | 澄澈之水 (久经沙场)
419,暗影双匕（★） | 澄澈之水 (崭新出厂)
394.88,暗影双匕（★） | 澄澈之水 (略有磨损)
360.99,暗影双匕（★） | 狩猎网格 (略有磨损)
420,暗影双匕（★） | 自动化 (久经沙场)
498.5,暗影双匕（★） | 自动化 (略有磨损)
428.5,暗影双匕（★） | 自由之手 (久经沙场)
512,暗影双匕（★） | 自由之手 (崭新出厂)
386.9,暗影双匕（★） | 致命紫罗兰 (久经沙场)
443,暗影双匕（★） | 致命紫罗兰 (略有磨损)
569,暗影双匕（★） | 虎牙 (崭新出厂)
514.99,暗影双匕（★） | 表面淬火 (久经沙场)
445,暗影双匕（★） | 表面淬火 (战痕累累)
555.05,暗影双匕（★） | 表面淬火 (略有磨损)
339.99,暗影双匕（★） | 都市伪装 (战痕累累)
382.3,暗影双匕（★） | 黑色层压板 (久经沙场)
399.98,暗影双匕（★） | 黑色层压板 (略有磨损)
634.9,求生匕首（★ StatTrak™） | 人工染色 (久经沙场)
680,求生匕首（★ StatTrak™） | 人工染色 (破损不堪)
473.48,求生匕首（★ StatTrak™） | 北方森林 (久经沙场)
460,求生匕首（★ StatTrak™） | 森林 DDPAT (久经沙场)
2055,求生匕首（★ StatTrak™） | 渐变之色 (崭新出厂)
434.4,求生匕首（★ StatTrak™） | 狩猎网格 (久经沙场)
540,求生匕首（★ StatTrak™） | 狩猎网格 (略有磨损)
928,求生匕首（★）
549,求生匕首（★） | 人工染色 (久经沙场)
609.88,求生匕首（★） | 人工染色 (略有磨损)
520,求生匕首（★） | 人工染色 (破损不堪)
432,求生匕首（★） | 北方森林 (久经沙场)
480,求生匕首（★） | 北方森林 (略有磨损)
514.5,求生匕首（★） | 夜色 (久经沙场)
460,求生匕首（★） | 夜色 (战痕累累)
617.4,求生匕首（★） | 夜色 (略有磨损)
1324,求生匕首（★） | 屠夫 (崭新出厂)
1219,求生匕首（★） | 屠夫 (略有磨损)
409.7,求生匕首（★） | 枯焦之色 (战痕累累)
449.5,求生匕首（★） | 枯焦之色 (略有磨损)
428,求生匕首（★） | 枯焦之色 (破损不堪)
428,求生匕首（★） | 森林 DDPAT (久经沙场)
415.9,求生匕首（★） | 森林 DDPAT (战痕累累)
470.99,求生匕首（★） | 森林 DDPAT (略有磨损)
1148,求生匕首（★） | 深红之网 (久经沙场)
9300,求生匕首（★） | 深红之网 (崭新出厂)
1800,求生匕首（★） | 深红之网 (略有磨损)
1050,求生匕首（★） | 深红之网 (破损不堪)
2009,求生匕首（★） | 渐变之色 (崭新出厂)
403.5,求生匕首（★） | 狩猎网格 (久经沙场)
557,求生匕首（★） | 蓝钢 (久经沙场)
525,求生匕首（★） | 蓝钢 (破损不堪)
611.48,求生匕首（★） | 表面淬火 (战痕累累)
897.8,求生匕首（★） | 表面淬火 (略有磨损)
659.3,求生匕首（★） | 表面淬火 (破损不堪)
435,求生匕首（★） | 都市伪装 (久经沙场)
419.1,求生匕首（★） | 都市伪装 (战痕累累)
497,求生匕首（★） | 都市伪装 (略有磨损)
438,求生匕首（★） | 都市伪装 (破损不堪)
1090,流浪者匕首（★ StatTrak™） | 人工染色 (久经沙场)
1270,流浪者匕首（★ StatTrak™） | 人工染色 (略有磨损)
1029.5,流浪者匕首（★ StatTrak™） | 夜色 (略有磨损)
589,流浪者匕首（★ StatTrak™） | 枯焦之色 (久经沙场)
616,流浪者匕首（★ StatTrak™） | 森林 DDPAT (久经沙场)
3599,流浪者匕首（★ StatTrak™） | 深红之网 (略有磨损)
4420,流浪者匕首（★ StatTrak™） | 渐变之色 (崭新出厂)
594.5,流浪者匕首（★ StatTrak™） | 狩猎网格 (久经沙场)
1200,流浪者匕首（★ StatTrak™） | 表面淬火 (破损不堪)
690,流浪者匕首（★ StatTrak™） | 都市伪装 (久经沙场)
609,流浪者匕首（★ StatTrak™） | 都市伪装 (战痕累累)
1891,流浪者匕首（★）
1100,流浪者匕首（★） | 人工染色 (久经沙场)
1270,流浪者匕首（★） | 人工染色 (略有磨损)
927.88,流浪者匕首（★） | 人工染色 (破损不堪)
681.5,流浪者匕首（★） | 北方森林 (久经沙场)
578,流浪者匕首（★） | 北方森林 (战痕累累)
648.5,流浪者匕首（★） | 夜色 (战痕累累)
1915,流浪者匕首（★） | 屠夫 (久经沙场)
2330,流浪者匕首（★） | 屠夫 (崭新出厂)
2048,流浪者匕首（★） | 屠夫 (略有磨损)
585,流浪者匕首（★） | 枯焦之色 (久经沙场)
645,流浪者匕首（★） | 枯焦之色 (略有磨损)
569.5,流浪者匕首（★） | 枯焦之色 (破损不堪)
607.5,流浪者匕首（★） | 森林 DDPAT (久经沙场)
573.5,流浪者匕首（★） | 森林 DDPAT (战痕累累)
704.5,流浪者匕首（★） | 森林 DDPAT (略有磨损)
584.2,流浪者匕首（★） | 森林 DDPAT (破损不堪)
2129.99,流浪者匕首（★） | 深红之网 (久经沙场)
1208.95,流浪者匕首（★） | 深红之网 (战痕累累)
1720,流浪者匕首（★） | 深红之网 (破损不堪)
4438.88,流浪者匕首（★） | 渐变之色 (崭新出厂)
4460,流浪者匕首（★） | 渐变之色 (略有磨损)
582.5,流浪者匕首（★） | 狩猎网格 (久经沙场)
562,流浪者匕首（★） | 狩猎网格 (战痕累累)
619,流浪者匕首（★） | 狩猎网格 (略有磨损)
575,流浪者匕首（★） | 狩猎网格 (破损不堪)
1229.5,流浪者匕首（★） | 蓝钢 (久经沙场)
1384.99,流浪者匕首（★） | 蓝钢 (略有磨损)
1029.99,流浪者匕首（★） | 蓝钢 (破损不堪)
1464,流浪者匕首（★） | 表面淬火 (久经沙场)
3199.99,流浪者匕首（★） | 表面淬火 (崭新出厂)
1020,流浪者匕首（★） | 表面淬火 (战痕累累)
662,流浪者匕首（★） | 都市伪装 (久经沙场)
579.99,流浪者匕首（★） | 都市伪装 (战痕累累)
865,流浪者匕首（★） | 都市伪装 (略有磨损)
610,流浪者匕首（★） | 都市伪装 (破损不堪)
627.99,海豹短刀（★ StatTrak™） | 人工染色 (破损不堪)
559,海豹短刀（★ StatTrak™） | 北方森林 (久经沙场)
719.9,海豹短刀（★ StatTrak™） | 夜色 (久经沙场)
553,海豹短刀（★ StatTrak™） | 森林 DDPAT (久经沙场)
1400,海豹短刀（★ StatTrak™） | 深红之网 (久经沙场)
1121,海豹短刀（★ StatTrak™） | 表面淬火 (久经沙场)
1200,海豹短刀（★ StatTrak™） | 表面淬火 (略有磨损)
688.5,海豹短刀（★ StatTrak™） | 都市伪装 (略有磨损)
640,海豹短刀（★ StatTrak™） | 都市伪装 (破损不堪)
1460,海豹短刀（★）
609,海豹短刀（★） | 人工染色 (久经沙场)
942.7,海豹短刀（★） | 人工染色 (崭新出厂)
680,海豹短刀（★） | 人工染色 (略有磨损)
528,海豹短刀（★） | 北方森林 (久经沙场)
528.99,海豹短刀（★） | 北方森林 (战痕累累)
545,海豹短刀（★） | 北方森林 (略有磨损)
635,海豹短刀（★） | 北方森林 (破损不堪)
632.5,海豹短刀（★） | 夜色 (久经沙场)
699,海豹短刀（★） | 夜色 (战痕累累)
630,海豹短刀（★） | 夜色 (略有磨损)
819,海豹短刀（★） | 夜色 (破损不堪)
1330,海豹短刀（★） | 屠夫 (久经沙场)
1670,海豹短刀（★） | 屠夫 (崭新出厂)
1289.5,海豹短刀（★） | 屠夫 (略有磨损)
527.5,海豹短刀（★） | 枯焦之色 (久经沙场)
499,海豹短刀（★） | 枯焦之色 (战痕累累)
530,海豹短刀（★） | 枯焦之色 (略有磨损)
582,海豹短刀（★） | 枯焦之色 (破损不堪)
501,海豹短刀（★） | 森林 DDPAT (久经沙场)
509.4,海豹短刀（★） | 森林 DDPAT (战痕累累)
516,海豹短刀（★） | 森林 DDPAT (略有磨损)
595,海豹短刀（★） | 森林 DDPAT (破损不堪)
1324,海豹短刀（★） | 深红之网 (久经沙场)
9600,海豹短刀（★） | 深红之网 (崭新出厂)
1029,海豹短刀（★） | 深红之网 (战痕累累)
1369,海豹短刀（★） | 深红之网 (略有磨损)
2719,海豹短刀（★） | 渐变之色 (崭新出厂)
489.5,海豹短刀（★） | 狩猎网格 (久经沙场)
495,海豹短刀（★） | 狩猎网格 (战痕累累)
505,海豹短刀（★） | 狩猎网格 (略有磨损)
490,海豹短刀（★） | 狩猎网格 (破损不堪)
609.99,海豹短刀（★） | 蓝钢 (破损不堪)
887.98,海豹短刀（★） | 表面淬火 (久经沙场)
1779.49,海豹短刀（★） | 表面淬火 (崭新出厂)
735,海豹短刀（★） | 表面淬火 (战痕累累)
761,海豹短刀（★） | 表面淬火 (破损不堪)
499,海豹短刀（★） | 都市伪装 (久经沙场)
505,海豹短刀（★） | 都市伪装 (略有磨损)
525,海豹短刀（★） | 都市伪装 (破损不堪)
1004.3,熊刀（★ StatTrak™）
690,熊刀（★ StatTrak™） | 人工染色 (略有磨损)
500,熊刀（★ StatTrak™） | 北方森林 (久经沙场)
569,熊刀（★ StatTrak™） | 外表生锈 (战痕累累)
578.5,熊刀（★ StatTrak™） | 夜色 (战痕累累)
615,熊刀（★ StatTrak™） | 大马士革钢 (久经沙场)
500,熊刀（★ StatTrak™） | 枯焦之色 (久经沙场)
500,熊刀（★ StatTrak™） | 森林 DDPAT (久经沙场)
1280,熊刀（★ StatTrak™） | 深红之网 (久经沙场)
1049.5,熊刀（★ StatTrak™） | 深红之网 (战痕累累)
1449.5,熊刀（★ StatTrak™） | 深红之网 (破损不堪)
1795,熊刀（★ StatTrak™） | 渐变大理石 (崭新出厂)
480,熊刀（★ StatTrak™） | 狩猎网格 (战痕累累)
756.5,熊刀（★ StatTrak™） | 致命紫罗兰 (久经沙场)
985.88,熊刀（★ StatTrak™） | 表面淬火 (久经沙场)
980,熊刀（★）
556.99,熊刀（★） | 人工染色 (久经沙场)
605,熊刀（★） | 人工染色 (略有磨损)
529.5,熊刀（★） | 人工染色 (破损不堪)
498.5,熊刀（★） | 外表生锈 (战痕累累)
1525,熊刀（★） | 多普勒 (崭新出厂)
540,熊刀（★） | 夜色 (久经沙场)
484.5,熊刀（★） | 夜色 (战痕累累)
665,熊刀（★） | 夜色 (略有磨损)
573.5,熊刀（★） | 大马士革钢 (久经沙场)
719.5,熊刀（★） | 大马士革钢 (崭新出厂)
660,熊刀（★） | 大马士革钢 (略有磨损)
1315.5,熊刀（★） | 屠夫 (久经沙场)
1383.5,熊刀（★） | 屠夫 (略有磨损)
449.88,熊刀（★） | 枯焦之色 (久经沙场)
446.5,熊刀（★） | 枯焦之色 (战痕累累)
488,熊刀（★） | 枯焦之色 (略有磨损)
459,熊刀（★） | 枯焦之色 (破损不堪)
469,熊刀（★） | 森林 DDPAT (久经沙场)
1030,熊刀（★） | 森林 DDPAT (崭新出厂)
449,熊刀（★） | 森林 DDPAT (战痕累累)
540,熊刀（★） | 森林 DDPAT (略有磨损)
459.5,熊刀（★） | 森林 DDPAT (破损不堪)
1302,熊刀（★） | 深红之网 (久经沙场)
875,熊刀（★） | 深红之网 (战痕累累)
1194.99,熊刀（★） | 深红之网 (破损不堪)
2375,熊刀（★） | 渐变之色 (崭新出厂)
2350,熊刀（★） | 渐变之色 (略有磨损)
1709,熊刀（★） | 渐变大理石 (崭新出厂)
448.5,熊刀（★） | 狩猎网格 (久经沙场)
485,熊刀（★） | 狩猎网格 (略有磨损)
450,熊刀（★） | 狩猎网格 (破损不堪)
716.4,熊刀（★） | 致命紫罗兰 (久经沙场)
576,熊刀（★） | 致命紫罗兰 (战痕累累)
1012,熊刀（★） | 致命紫罗兰 (略有磨损)
690,熊刀（★） | 致命紫罗兰 (破损不堪)
592.5,熊刀（★） | 蓝钢 (久经沙场)
565,熊刀（★） | 蓝钢 (战痕累累)
663.5,熊刀（★） | 蓝钢 (略有磨损)
1340,熊刀（★） | 虎牙 (崭新出厂)
1344,熊刀（★） | 虎牙 (略有磨损)
817.5,熊刀（★） | 表面淬火 (久经沙场)
1349.8,熊刀（★） | 表面淬火 (崭新出厂)
1039.3,熊刀（★） | 表面淬火 (略有磨损)
691.49,熊刀（★） | 表面淬火 (破损不堪)
518.5,熊刀（★） | 都市伪装 (久经沙场)
620,熊刀（★） | 都市伪装 (略有磨损)
3635,爪子刀（★ StatTrak™）
5149.49,爪子刀（★ StatTrak™） | 伽玛多普勒 (崭新出厂)
1900,爪子刀（★ StatTrak™） | 外表生锈 (战痕累累)
4279,爪子刀（★ StatTrak™） | 多普勒 (崭新出厂)
1629.5,爪子刀（★ StatTrak™） | 森林 DDPAT (久经沙场)
3499.2,爪子刀（★ StatTrak™） | 深红之网 (久经沙场)
2200,爪子刀（★ StatTrak™） | 澄澈之水 (久经沙场)
2850,爪子刀（★ StatTrak™） | 澄澈之水 (崭新出厂)
1596.9,爪子刀（★ StatTrak™） | 狩猎网格 (久经沙场)
4226.5,爪子刀（★ StatTrak™） | 自动化 (久经沙场)
5350,爪子刀（★ StatTrak™） | 自动化 (略有磨损)
2218.5,爪子刀（★ StatTrak™） | 致命紫罗兰 (久经沙场)
4485.5,爪子刀（★ StatTrak™） | 虎牙 (崭新出厂)
2872,爪子刀（★ StatTrak™） | 黑色层压板 (破损不堪)
2220,爪子刀（★） | 人工染色 (久经沙场)
2360,爪子刀（★） | 人工染色 (略有磨损)
2010,爪子刀（★） | 人工染色 (破损不堪)
3814.5,爪子刀（★） | 传说 (久经沙场)
9799.49,爪子刀（★） | 传说 (崭新出厂)
6547,爪子刀（★） | 传说 (略有磨损)
4737,爪子刀（★） | 伽玛多普勒 (略有磨损)
1689,爪子刀（★） | 北方森林 (久经沙场)
1558,爪子刀（★） | 北方森林 (战痕累累)
1964.5,爪子刀（★） | 北方森林 (略有磨损)
1599.5,爪子刀（★） | 北方森林 (破损不堪)
2033,爪子刀（★） | 噩梦之夜 (久经沙场)
1879,爪子刀（★） | 外表生锈 (战痕累累)
2030,爪子刀（★） | 外表生锈 (破损不堪)
4099,爪子刀（★） | 多普勒 (崭新出厂)
4020,爪子刀（★） | 多普勒 (略有磨损)
2599.5,爪子刀（★） | 大马士革钢 (久经沙场)
3245,爪子刀（★） | 大马士革钢 (崭新出厂)
2280,爪子刀（★） | 大马士革钢 (战痕累累)
2959.5,爪子刀（★） | 大马士革钢 (略有磨损)
3310,爪子刀（★） | 屠夫 (久经沙场)
4600,爪子刀（★） | 屠夫 (崭新出厂)
3769,爪子刀（★） | 屠夫 (略有磨损)
1538,爪子刀（★） | 枯焦之色 (久经沙场)
1689.5,爪子刀（★） | 枯焦之色 (略有磨损)
1593.99,爪子刀（★） | 森林 DDPAT (久经沙场)
1749.99,爪子刀（★） | 森林 DDPAT (略有磨损)
3233,爪子刀（★） | 深红之网 (久经沙场)
2346.77,爪子刀（★） | 深红之网 (战痕累累)
8598.5,爪子刀（★） | 渐变之色 (崭新出厂)
7900,爪子刀（★） | 渐变之色 (略有磨损)
5849,爪子刀（★） | 渐变大理石 (崭新出厂)
5400,爪子刀（★） | 渐变大理石 (略有磨损)
2214,爪子刀（★） | 澄澈之水 (久经沙场)
2842.9,爪子刀（★） | 澄澈之水 (崭新出厂)
1953.5,爪子刀（★） | 澄澈之水 (战痕累累)
2483.7,爪子刀（★） | 澄澈之水 (略有磨损)
1548,爪子刀（★） | 狩猎网格 (久经沙场)
1620,爪子刀（★） | 狩猎网格 (略有磨损)
4222,爪子刀（★） | 自动化 (久经沙场)
7900,爪子刀（★） | 自动化 (崭新出厂)
3050,爪子刀（★） | 自动化 (战痕累累)
5400,爪子刀（★） | 自动化 (略有磨损)
2319,爪子刀（★） | 自由之手 (久经沙场)
2809,爪子刀（★） | 自由之手 (崭新出厂)
2510,爪子刀（★） | 自由之手 (略有磨损)
2200,爪子刀（★） | 致命紫罗兰 (久经沙场)
1899.5,爪子刀（★） | 致命紫罗兰 (战痕累累)
2880,爪子刀（★） | 致命紫罗兰 (略有磨损)
2405,爪子刀（★） | 蓝钢 (久经沙场)
2294,爪子刀（★） | 蓝钢 (战痕累累)
2520,爪子刀（★） | 蓝钢 (略有磨损)
4319.5,爪子刀（★） | 虎牙 (崭新出厂)
3029.5,爪子刀（★） | 表面淬火 (久经沙场)
6099,爪子刀（★） | 表面淬火 (崭新出厂)
2300,爪子刀（★） | 表面淬火 (战痕累累)
3400,爪子刀（★） | 表面淬火 (略有磨损)
2595,爪子刀（★） | 表面淬火 (破损不堪)
3000,爪子刀（★） | 都市伪装 (崭新出厂)
1525,爪子刀（★） | 都市伪装 (战痕累累)
1926,爪子刀（★） | 都市伪装 (略有磨损)
4420,爪子刀（★） | 黑色层压板 (崭新出厂)
2844.5,爪子刀（★） | 黑色层压板 (战痕累累)
3260,爪子刀（★） | 黑色层压板 (略有磨损)
2855,爪子刀（★） | 黑色层压板 (破损不堪)
1250,猎杀者匕首（★ StatTrak™） | 传说 (久经沙场)
1594.92,猎杀者匕首（★ StatTrak™） | 多普勒 (崭新出厂)
744,猎杀者匕首（★ StatTrak™） | 大马士革钢 (略有磨损)
665.5,猎杀者匕首（★ StatTrak™） | 自由之手 (久经沙场)
1244,猎杀者匕首（★ StatTrak™） | 虎牙 (崭新出厂)
845,猎杀者匕首（★）
1130,猎杀者匕首（★） | 传说 (久经沙场)
2050,猎杀者匕首（★） | 传说 (崭新出厂)
1310,猎杀者匕首（★） | 伽玛多普勒 (崭新出厂)
445,猎杀者匕首（★） | 北方森林 (久经沙场)
441,猎杀者匕首（★） | 北方森林 (战痕累累)
530,猎杀者匕首（★） | 北方森林 (略有磨损)
438,猎杀者匕首（★） | 外表生锈 (战痕累累)
1219.5,猎杀者匕首（★） | 多普勒 (崭新出厂)
554.5,猎杀者匕首（★） | 大马士革钢 (久经沙场)
682,猎杀者匕首（★） | 大马士革钢 (崭新出厂)
624.44,猎杀者匕首（★） | 大马士革钢 (略有磨损)
494.5,猎杀者匕首（★） | 枯焦之色 (略有磨损)
449,猎杀者匕首（★） | 森林 DDPAT (战痕累累)
836.66,猎杀者匕首（★） | 深红之网 (久经沙场)
1447,猎杀者匕首（★） | 渐变之色 (崭新出厂)
1283,猎杀者匕首（★） | 渐变大理石 (崭新出厂)
501.4,猎杀者匕首（★） | 澄澈之水 (久经沙场)
666,猎杀者匕首（★） | 澄澈之水 (崭新出厂)
582,猎杀者匕首（★） | 澄澈之水 (略有磨损)
1025.5,猎杀者匕首（★） | 自动化 (略有磨损)
534,猎杀者匕首（★） | 自由之手 (久经沙场)
705,猎杀者匕首（★） | 自由之手 (崭新出厂)
636,猎杀者匕首（★） | 自由之手 (略有磨损)
479,猎杀者匕首（★） | 致命紫罗兰 (久经沙场)
472.49,猎杀者匕首（★） | 致命紫罗兰 (战痕累累)
683,猎杀者匕首（★） | 致命紫罗兰 (略有磨损)
568.5,猎杀者匕首（★） | 蓝钢 (战痕累累)
654,猎杀者匕首（★） | 蓝钢 (略有磨损)
1048.9,猎杀者匕首（★） | 虎牙 (崭新出厂)
715,猎杀者匕首（★） | 黑色层压板 (久经沙场)
980,猎杀者匕首（★） | 黑色层压板 (战痕累累)
748.5,猎杀者匕首（★） | 黑色层压板 (略有磨损)
711.5,猎杀者匕首（★） | 黑色层压板 (破损不堪)
1257.98,短剑（★ StatTrak™）
698,短剑（★ StatTrak™） | 北方森林 (略有磨损)
895,短剑（★ StatTrak™） | 大马士革钢 (久经沙场)
1195,短剑（★ StatTrak™） | 大马士革钢 (崭新出厂)
829.5,短剑（★ StatTrak™） | 大马士革钢 (战痕累累)
1000,短剑（★ StatTrak™） | 大马士革钢 (略有磨损)
609.5,短剑（★ StatTrak™） | 森林 DDPAT (久经沙场)
2700,短剑（★ StatTrak™） | 渐变之色 (崭新出厂)
1989.5,短剑（★ StatTrak™） | 渐变大理石 (崭新出厂)
569.5,短剑（★ StatTrak™） | 狩猎网格 (久经沙场)
779.5,短剑（★ StatTrak™） | 致命紫罗兰 (久经沙场)
679.5,短剑（★ StatTrak™） | 致命紫罗兰 (战痕累累)
1070,短剑（★ StatTrak™） | 致命紫罗兰 (略有磨损)
1655,短剑（★ StatTrak™） | 虎牙 (崭新出厂)
1299,短剑（★ StatTrak™） | 表面淬火 (久经沙场)
659,短剑（★ StatTrak™） | 都市伪装 (久经沙场)
1240,短剑（★）
895,短剑（★） | 人工染色 (略有磨损)
1030,短剑（★） | 北方森林 (崭新出厂)
547.98,短剑（★） | 北方森林 (战痕累累)
666.5,短剑（★） | 外表生锈 (战痕累累)
700,短剑（★） | 外表生锈 (破损不堪)
1845,短剑（★） | 多普勒 (崭新出厂)
1840,短剑（★） | 多普勒 (略有磨损)
656,短剑（★） | 夜色 (久经沙场)
597.5,短剑（★） | 夜色 (战痕累累)
759,短剑（★） | 夜色 (略有磨损)
638,短剑（★） | 夜色 (破损不堪)
874,短剑（★） | 大马士革钢 (久经沙场)
1096.93,短剑（★） | 大马士革钢 (崭新出厂)
755,短剑（★） | 大马士革钢 (战痕累累)
996,短剑（★） | 大马士革钢 (略有磨损)
1545,短剑（★） | 屠夫 (久经沙场)
1848.5,短剑（★） | 屠夫 (崭新出厂)
545,短剑（★） | 枯焦之色 (久经沙场)
613,短剑（★） | 枯焦之色 (略有磨损)
549.5,短剑（★） | 森林 DDPAT (久经沙场)
630,短剑（★） | 森林 DDPAT (略有磨损)
1274,短剑（★） | 深红之网 (久经沙场)
864,短剑（★） | 深红之网 (战痕累累)
2148.5,短剑（★） | 深红之网 (略有磨损)
2699,短剑（★） | 渐变之色 (崭新出厂)
1968.99,短剑（★） | 渐变大理石 (崭新出厂)
549,短剑（★） | 狩猎网格 (久经沙场)
548.5,短剑（★） | 狩猎网格 (战痕累累)
597,短剑（★） | 狩猎网格 (略有磨损)
781.5,短剑（★） | 致命紫罗兰 (久经沙场)
1020,短剑（★） | 致命紫罗兰 (略有磨损)
724.5,短剑（★） | 致命紫罗兰 (破损不堪)
1260,短剑（★） | 蓝钢 (崭新出厂)
908,短剑（★） | 蓝钢 (略有磨损)
1641.5,短剑（★） | 虎牙 (崭新出厂)
1629,短剑（★） | 虎牙 (略有磨损)
1180,短剑（★） | 表面淬火 (久经沙场)
2299,短剑（★） | 表面淬火 (崭新出厂)
929.5,短剑（★） | 表面淬火 (战痕累累)
1376.5,短剑（★） | 表面淬火 (略有磨损)
1009,短剑（★） | 表面淬火 (破损不堪)
634.3,短剑（★） | 都市伪装 (久经沙场)
568.9,短剑（★） | 都市伪装 (战痕累累)
757.5,穿肠刀（★ StatTrak™） | 传说 (久经沙场)
635.5,穿肠刀（★ StatTrak™） | 传说 (战痕累累)
1000,穿肠刀（★ StatTrak™） | 传说 (略有磨损)
400,穿肠刀（★ StatTrak™） | 北方森林 (战痕累累)
