1698.00,M9 刺刀（★ StatTrak™） | 人工染色 (略有磨损)
4194.80,M9 刺刀（★ StatTrak™） | 传说 (久经沙场)
9339.65,M9 刺刀（★ StatTrak™） | 传说 (略有磨损)
1600.00,M9 刺刀（★ StatTrak™） | 噩梦之夜 (久经沙场)
1698.00,M9 刺刀（★ StatTrak™） | 人工染色 (略有磨损)
4194.80,M9 刺刀（★ StatTrak™） | 传说 (久经沙场)
9339.65,M9 刺刀（★ StatTrak™） | 传说 (略有磨损)
1600.00,M9 刺刀（★ StatTrak™） | 噩梦之夜 (久经沙场)
1514.00,M9 刺刀（★ StatTrak™） | 外表生锈 (战痕累累)
3260.00,M9 刺刀（★ StatTrak™） | 多普勒 (崭新出厂)
5700.00,M9 刺刀（★ StatTrak™） | 渐变之色 (崭新出厂)
2400.00,M9 刺刀（★ StatTrak™） | 澄澈之水 (崭新出厂)
3328.67,M9 刺刀（★ StatTrak™） | 自动化 (久经沙场)
1720.00,M9 刺刀（★ StatTrak™） | 自由之手 (久经沙场)
1550.00,M9 刺刀（★ StatTrak™） | 致命紫罗兰 (久经沙场)
1399.00,M9 刺刀（★ StatTrak™） | 都市伪装 (久经沙场)
2460.00,M9 刺刀（★ StatTrak™） | 黑色层压板 (久经沙场)
2399.99,M9 刺刀（★ StatTrak™） | 黑色层压板 (破损不堪)
1560.00,M9 刺刀（★） | 人工染色 (略有磨损)
4437.03,M9 刺刀（★） | 传说 (久经沙场)
12899.99,M9 刺刀（★） | 传说 (崭新出厂)
2220.00,M9 刺刀（★） | 传说 (战痕累累)
9690.00,M9 刺刀（★） | 传说 (略有磨损)
3041.90,M9 刺刀（★） | 传说 (破损不堪)
4194.66,M9 刺刀（★） | 伽玛多普勒 (崭新出厂)
5500.00,M9 刺刀（★） | 伽玛多普勒 (略有磨损)
1374.00,M9 刺刀（★） | 北方森林 (久经沙场)
1595.40,M9 刺刀（★） | 噩梦之夜 (久经沙场)
1440.00,M9 刺刀（★） | 噩梦之夜 (战痕累累)
1500.00,M9 刺刀（★） | 外表生锈 (战痕累累)
3195.80,M9 刺刀（★） | 多普勒 (崭新出厂)
3200.00,M9 刺刀（★） | 多普勒 (略有磨损)
1793.50,M9 刺刀（★） | 大马士革钢 (久经沙场)
2177.00,M9 刺刀（★） | 大马士革钢 (崭新出厂)
1950.04,M9 刺刀（★） | 大马士革钢 (略有磨损)
1717.28,M9 刺刀（★） | 大马士革钢 (破损不堪)
3070.00,M9 刺刀（★） | 屠夫 (略有磨损)
1234.00,M9 刺刀（★） | 枯焦之色 (久经沙场)
1350.00,M9 刺刀（★） | 枯焦之色 (略有磨损)
1200.00,M9 刺刀（★） | 枯焦之色 (破损不堪)
1265.00,M9 刺刀（★） | 森林 DDPAT (久经沙场)
1465.00,M9 刺刀（★） | 森林 DDPAT (略有磨损)
2498.80,M9 刺刀（★） | 深红之网 (久经沙场)
45000.00,M9 刺刀（★） | 深红之网 (崭新出厂)
1999.00,M9 刺刀（★） | 深红之网 (战痕累累)
6872.12,M9 刺刀（★） | 深红之网 (略有磨损)
2013.96,M9 刺刀（★） | 深红之网 (破损不堪)
5443.55,M9 刺刀（★） | 渐变之色 (崭新出厂)
5190.00,M9 刺刀（★） | 渐变大理石 (崭新出厂)
1799.99,M9 刺刀（★） | 澄澈之水 (久经沙场)
2416.58,M9 刺刀（★） | 澄澈之水 (崭新出厂)
2075.92,M9 刺刀（★） | 澄澈之水 (略有磨损)
1219.77,M9 刺刀（★） | 狩猎网格 (久经沙场)
1400.00,M9 刺刀（★） | 狩猎网格 (略有磨损)
3340.00,M9 刺刀（★） | 自动化 (久经沙场)
5648.00,M9 刺刀（★） | 自动化 (崭新出厂)
2850.00,M9 刺刀（★） | 自动化 (战痕累累)
4009.98,M9 刺刀（★） | 自动化 (略有磨损)
1727.00,M9 刺刀（★） | 自由之手 (久经沙场)
2130.00,M9 刺刀（★） | 自由之手 (崭新出厂)
1935.00,M9 刺刀（★） | 自由之手 (略有磨损)
1581.92,M9 刺刀（★） | 致命紫罗兰 (久经沙场)
1436.00,M9 刺刀（★） | 致命紫罗兰 (战痕累累)
2400.00,M9 刺刀（★） | 致命紫罗兰 (略有磨损)
1787.00,M9 刺刀（★） | 蓝钢 (久经沙场)
1775.00,M9 刺刀（★） | 蓝钢 (战痕累累)
1879.34,M9 刺刀（★） | 蓝钢 (略有磨损)
1750.00,M9 刺刀（★） | 蓝钢 (破损不堪)
3590.00,M9 刺刀（★） | 虎牙 (崭新出厂)
3465.00,M9 刺刀（★） | 虎牙 (略有磨损)
2041.00,M9 刺刀（★） | 表面淬火 (久经沙场)
2279.00,M9 刺刀（★） | 表面淬火 (略有磨损)
1350.00,M9 刺刀（★） | 都市伪装 (久经沙场)
2439.00,M9 刺刀（★） | 黑色层压板 (战痕累累)
2656.00,M9 刺刀（★） | 黑色层压板 (略有磨损)
2450.00,M9 刺刀（★） | 黑色层压板 (破损不堪)
2488.00,刺刀（★ StatTrak™） | 传说 (久经沙场)
3900.00,刺刀（★ StatTrak™） | 传说 (略有磨损)
3400.00,刺刀（★ StatTrak™） | 伽玛多普勒 (崭新出厂)
2550.00,刺刀（★ StatTrak™） | 多普勒 (崭新出厂)
1490.00,刺刀（★ StatTrak™） | 大马士革钢 (久经沙场)
1550.00,刺刀（★ StatTrak™） | 大马士革钢 (略有磨损)
2000.00,刺刀（★ StatTrak™） | 屠夫 (久经沙场)
3999.00,刺刀（★ StatTrak™） | 深红之网 (略有磨损)
1222.00,刺刀（★ StatTrak™） | 澄澈之水 (久经沙场)
1788.00,刺刀（★ StatTrak™） | 澄澈之水 (崭新出厂)
1490.00,刺刀（★ StatTrak™） | 澄澈之水 (略有磨损)
2150.00,刺刀（★ StatTrak™） | 自动化 (久经沙场)
3795.00,刺刀（★ StatTrak™） | 自动化 (略有磨损)
1540.00,刺刀（★ StatTrak™） | 自由之手 (略有磨损)
2468.00,刺刀（★ StatTrak™） | 虎牙 (崭新出厂)
1731.55,刺刀（★ StatTrak™） | 表面淬火 (久经沙场)
1088.00,刺刀（★） | 人工染色 (久经沙场)
1134.00,刺刀（★） | 人工染色 (略有磨损)
2380.00,刺刀（★） | 传说 (久经沙场)
3815.08,刺刀（★） | 传说 (略有磨损)
2160.84,刺刀（★） | 传说 (破损不堪)
2822.00,刺刀（★） | 伽玛多普勒 (崭新出厂)
835.00,刺刀（★） | 北方森林 (久经沙场)
830.00,刺刀（★） | 北方森林 (战痕累累)
1019.87,刺刀（★） | 北方森林 (略有磨损)
859.33,刺刀（★） | 北方森林 (破损不堪)
969.00,刺刀（★） | 噩梦之夜 (久经沙场)
999.00,刺刀（★） | 噩梦之夜 (战痕累累)
1022.92,刺刀（★） | 外表生锈 (战痕累累)
2270.99,刺刀（★） | 多普勒 (崭新出厂)
2218.78,刺刀（★） | 多普勒 (略有磨损)
1275.00,刺刀（★） | 大马士革钢 (久经沙场)
1589.00,刺刀（★） | 大马士革钢 (崭新出厂)
1446.45,刺刀（★） | 大马士革钢 (略有磨损)
1715.00,刺刀（★） | 屠夫 (久经沙场)
2066.00,刺刀（★） | 屠夫 (略有磨损)
844.00,刺刀（★） | 枯焦之色 (久经沙场)
848.90,刺刀（★） | 枯焦之色 (战痕累累)
975.00,刺刀（★） | 枯焦之色 (略有磨损)
850.00,刺刀（★） | 森林 DDPAT (久经沙场)
1020.00,刺刀（★） | 森林 DDPAT (略有磨损)
1352.64,刺刀（★） | 深红之网 (久经沙场)
1320.00,刺刀（★） | 深红之网 (战痕累累)
2341.66,刺刀（★） | 深红之网 (略有磨损)
1297.70,刺刀（★） | 深红之网 (破损不堪)
3593.40,刺刀（★） | 渐变之色 (崭新出厂)
3100.00,刺刀（★） | 渐变大理石 (崭新出厂)
1198.99,刺刀（★） | 澄澈之水 (久经沙场)
1608.99,刺刀（★） | 澄澈之水 (崭新出厂)
1125.00,刺刀（★） | 澄澈之水 (战痕累累)
1339.00,刺刀（★） | 澄澈之水 (略有磨损)
1106.89,刺刀（★） | 澄澈之水 (破损不堪)
822.00,刺刀（★） | 狩猎网格 (久经沙场)
898.80,刺刀（★） | 狩猎网格 (略有磨损)
2158.00,刺刀（★） | 自动化 (久经沙场)
4350.00,刺刀（★） | 自动化 (崭新出厂)
1812.18,刺刀（★） | 自动化 (战痕累累)
2679.99,刺刀（★） | 自动化 (略有磨损)
1285.00,刺刀（★） | 自由之手 (久经沙场)
1645.00,刺刀（★） | 自由之手 (崭新出厂)
1475.00,刺刀（★） | 自由之手 (略有磨损)
1135.00,刺刀（★） | 自由之手 (破损不堪)
938.99,刺刀（★） | 致命紫罗兰 (久经沙场)
925.54,刺刀（★） | 致命紫罗兰 (战痕累累)
1336.00,刺刀（★） | 致命紫罗兰 (略有磨损)
926.00,刺刀（★） | 致命紫罗兰 (破损不堪)
1170.00,刺刀（★） | 蓝钢 (久经沙场)
1112.00,刺刀（★） | 蓝钢 (战痕累累)
1400.00,刺刀（★） | 蓝钢 (略有磨损)
1127.00,刺刀（★） | 蓝钢 (破损不堪)
2336.32,刺刀（★） | 虎牙 (崭新出厂)
2450.00,刺刀（★） | 虎牙 (略有磨损)
1533.45,刺刀（★） | 表面淬火 (久经沙场)
1948.00,刺刀（★） | 表面淬火 (略有磨损)
1339.50,刺刀（★） | 表面淬火 (破损不堪)
864.90,刺刀（★） | 都市伪装 (久经沙场)
836.82,刺刀（★） | 都市伪装 (战痕累累)
1048.00,刺刀（★） | 都市伪装 (略有磨损)
1409.75,刺刀（★） | 黑色层压板 (久经沙场)
1347.00,刺刀（★） | 黑色层压板 (战痕累累)
1480.00,刺刀（★） | 黑色层压板 (略有磨损)
1303.00,刺刀（★） | 黑色层压板 (破损不堪)
888.00,弯刀（★ StatTrak™） | 人工染色 (略有磨损)
1188.00,弯刀（★ StatTrak™） | 传说 (略有磨损)
1521.00,弯刀（★ StatTrak™） | 伽玛多普勒 (崭新出厂)
998.00,弯刀（★ StatTrak™） | 大马士革钢 (崭新出厂)
445.00,弯刀（★ StatTrak™） | 森林 DDPAT (久经沙场)
1342.66,弯刀（★ StatTrak™） | 渐变之色 (崭新出厂)
620.00,弯刀（★ StatTrak™） | 澄澈之水 (破损不堪)
500.00,弯刀（★ StatTrak™） | 狩猎网格 (久经沙场)
900.00,弯刀（★ StatTrak™） | 自动化 (久经沙场)
600.00,弯刀（★ StatTrak™） | 致命紫罗兰 (久经沙场)
566.00,弯刀（★ StatTrak™） | 黑色层压板 (战痕累累)
648.00,弯刀（★ StatTrak™） | 黑色层压板 (略有磨损)
410.50,弯刀（★） | 人工染色 (久经沙场)
498.50,弯刀（★） | 人工染色 (战痕累累)
462.57,弯刀（★） | 人工染色 (略有磨损)
780.00,弯刀（★） | 传说 (久经沙场)
1139.00,弯刀（★） | 传说 (崭新出厂)
908.00,弯刀（★） | 传说 (略有磨损)
1287.00,弯刀（★） | 伽玛多普勒 (崭新出厂)
1450.00,弯刀（★） | 伽玛多普勒 (略有磨损)
443.42,弯刀（★） | 北方森林 (久经沙场)
400.00,弯刀（★） | 北方森林 (战痕累累)
448.00,弯刀（★） | 噩梦之夜 (战痕累累)
398.50,弯刀（★） | 外表生锈 (战痕累累)
550.00,弯刀（★） | 外表生锈 (破损不堪)
1198.90,弯刀（★） | 多普勒 (崭新出厂)
578.00,弯刀（★） | 大马士革钢 (久经沙场)
710.00,弯刀（★） | 大马士革钢 (崭新出厂)
590.00,弯刀（★） | 大马士革钢 (破损不堪)
940.00,弯刀（★） | 屠夫 (崭新出厂)
847.80,弯刀（★） | 屠夫 (略有磨损)
447.60,弯刀（★） | 枯焦之色 (略有磨损)
455.00,弯刀（★） | 森林 DDPAT (略有磨损)
677.49,弯刀（★） | 深红之网 (久经沙场)
1120.99,弯刀（★） | 渐变之色 (崭新出厂)
1083.88,弯刀（★） | 渐变大理石 (崭新出厂)
506.50,弯刀（★） | 澄澈之水 (久经沙场)
659.00,弯刀（★） | 澄澈之水 (崭新出厂)
560.00,弯刀（★） | 澄澈之水 (略有磨损)
405.00,弯刀（★） | 狩猎网格 (久经沙场)
405.00,弯刀（★） | 狩猎网格 (战痕累累)
710.00,弯刀（★） | 自动化 (久经沙场)
899.00,弯刀（★） | 自动化 (略有磨损)
587.00,弯刀（★） | 自由之手 (久经沙场)
705.00,弯刀（★） | 自由之手 (崭新出厂)
640.00,弯刀（★） | 自由之手 (略有磨损)
600.00,弯刀（★） | 自由之手 (破损不堪)
472.10,弯刀（★） | 致命紫罗兰 (久经沙场)
440.00,弯刀（★） | 致命紫罗兰 (战痕累累)
610.00,弯刀（★） | 致命紫罗兰 (略有磨损)
615.00,弯刀（★） | 蓝钢 (略有磨损)
510.00,弯刀（★） | 蓝钢 (破损不堪)
916.75,弯刀（★） | 虎牙 (崭新出厂)
629.00,弯刀（★） | 表面淬火 (久经沙场)
1368.98,弯刀（★） | 表面淬火 (崭新出厂)
717.95,弯刀（★） | 表面淬火 (战痕累累)
726.00,弯刀（★） | 表面淬火 (略有磨损)
588.00,弯刀（★） | 表面淬火 (破损不堪)
411.50,弯刀（★） | 都市伪装 (久经沙场)
423.00,弯刀（★） | 都市伪装 (战痕累累)
502.43,弯刀（★） | 都市伪装 (略有磨损)
450.00,弯刀（★） | 都市伪装 (破损不堪)
950.00,弯刀（★） | 黑色层压板 (崭新出厂)
475.00,弯刀（★） | 黑色层压板 (战痕累累)
500.00,弯刀（★） | 黑色层压板 (略有磨损)
418.66,折刀（★ StatTrak™） | 北方森林 (久经沙场)
730.00,折刀（★ StatTrak™） | 多普勒 (崭新出厂)
629.00,折刀（★ StatTrak™） | 屠夫 (略有磨损)
400.00,折刀（★ StatTrak™） | 枯焦之色 (久经沙场)
1500.00,折刀（★ StatTrak™） | 深红之网 (略有磨损)
1099.00,折刀（★ StatTrak™） | 渐变之色 (崭新出厂)
397.70,折刀（★ StatTrak™） | 狩猎网格 (久经沙场)
519.99,折刀（★ StatTrak™） | 蓝钢 (战痕累累)
360.00,折刀（★） | 人工染色 (战痕累累)
325.65,折刀（★） | 北方森林 (久经沙场)
316.00,折刀（★） | 外表生锈 (战痕累累)
608.99,折刀（★） | 多普勒 (崭新出厂)
316.00,折刀（★） | 夜色 (久经沙场)
340.00,折刀（★） | 夜色 (战痕累累)
350.00,折刀（★） | 大马士革钢 (久经沙场)
380.00,折刀（★） | 大马士革钢 (崭新出厂)
578.30,折刀（★） | 屠夫 (崭新出厂)
544.44,折刀（★） | 屠夫 (略有磨损)
338.00,折刀（★） | 枯焦之色 (战痕累累)
368.25,折刀（★） | 枯焦之色 (略有磨损)
407.00,折刀（★） | 枯焦之色 (破损不堪)
300.00,折刀（★） | 森林 DDPAT (久经沙场)
572.39,折刀（★） | 深红之网 (略有磨损)
710.24,折刀（★） | 渐变之色 (崭新出厂)
590.00,折刀（★） | 渐变大理石 (崭新出厂)
316.00,折刀（★） | 狩猎网格 (久经沙场)
363.29,折刀（★） | 致命紫罗兰 (久经沙场)
335.00,折刀（★） | 致命紫罗兰 (战痕累累)
404.00,折刀（★） | 致命紫罗兰 (略有磨损)
382.00,折刀（★） | 蓝钢 (略有磨损)
450.00,折刀（★） | 蓝钢 (破损不堪)
506.96,折刀（★） | 虎牙 (崭新出厂)
448.60,折刀（★） | 表面淬火 (久经沙场)
2199.00,折刀（★） | 表面淬火 (崭新出厂)
415.00,折刀（★） | 表面淬火 (战痕累累)
509.95,折刀（★） | 表面淬火 (略有磨损)
433.26,折刀（★） | 表面淬火 (破损不堪)
1489.00,折叠刀（★ StatTrak™） | 传说 (久经沙场)
2584.41,折叠刀（★ StatTrak™） | 传说 (崭新出厂)
1800.00,折叠刀（★ StatTrak™） | 传说 (略有磨损)
2066.93,折叠刀（★ StatTrak™） | 伽玛多普勒 (崭新出厂)
1535.00,折叠刀（★ StatTrak™） | 多普勒 (崭新出厂)
750.00,折叠刀（★ StatTrak™） | 大马士革钢 (久经沙场)
1547.45,折叠刀（★ StatTrak™） | 屠夫 (略有磨损)
630.00,折叠刀（★ StatTrak™） | 枯焦之色 (久经沙场)
2629.00,折叠刀（★ StatTrak™） | 渐变之色 (崭新出厂)
850.00,折叠刀（★ StatTrak™） | 澄澈之水 (久经沙场)
1230.00,折叠刀（★ StatTrak™） | 澄澈之水 (崭新出厂)
882.73,折叠刀（★ StatTrak™） | 澄澈之水 (略有磨损)
1140.00,折叠刀（★ StatTrak™） | 自动化 (久经沙场)
1600.00,折叠刀（★ StatTrak™） | 自动化 (略有磨损)
1099.00,折叠刀（★ StatTrak™） | 致命紫罗兰 (略有磨损)
888.00,折叠刀（★ StatTrak™） | 蓝钢 (略有磨损)
1543.21,折叠刀（★ StatTrak™） | 虎牙 (崭新出厂)
995.00,折叠刀（★ StatTrak™） | 表面淬火 (久经沙场)
899.00,折叠刀（★ StatTrak™） | 黑色层压板 (战痕累累)
920.00,折叠刀（★ StatTrak™） | 黑色层压板 (略有磨损)
825.00,折叠刀（★ StatTrak™） | 黑色层压板 (破损不堪)
630.00,折叠刀（★） | 人工染色 (久经沙场)
670.50,折叠刀（★） | 人工染色 (略有磨损)
1329.00,折叠刀（★） | 传说 (久经沙场)
2345.00,折叠刀（★） | 传说 (崭新出厂)
1890.00,折叠刀（★） | 伽玛多普勒 (崭新出厂)
568.26,折叠刀（★） | 北方森林 (久经沙场)
535.00,折叠刀（★） | 北方森林 (战痕累累)
660.00,折叠刀（★） | 北方森林 (略有磨损)
715.00,折叠刀（★） | 噩梦之夜 (久经沙场)
617.00,折叠刀（★） | 外表生锈 (战痕累累)
699.00,折叠刀（★） | 外表生锈 (破损不堪)
1469.00,折叠刀（★） | 多普勒 (崭新出厂)
709.00,折叠刀（★） | 大马士革钢 (久经沙场)
835.00,折叠刀（★） | 大马士革钢 (略有磨损)
1627.00,折叠刀（★） | 屠夫 (崭新出厂)
1409.00,折叠刀（★） | 屠夫 (略有磨损)
535.00,折叠刀（★） | 枯焦之色 (久经沙场)
530.00,折叠刀（★） | 枯焦之色 (战痕累累)
630.00,折叠刀（★） | 枯焦之色 (略有磨损)
1262.00,折叠刀（★） | 深红之网 (久经沙场)
840.62,折叠刀（★） | 深红之网 (战痕累累)
2247.00,折叠刀（★） | 深红之网 (略有磨损)
2689.90,折叠刀（★） | 渐变之色 (崭新出厂)
1939.00,折叠刀（★） | 渐变大理石 (崭新出厂)
2144.00,折叠刀（★） | 渐变大理石 (略有磨损)
788.00,折叠刀（★） | 澄澈之水 (久经沙场)
913.00,折叠刀（★） | 澄澈之水 (崭新出厂)
705.99,折叠刀（★） | 澄澈之水 (破损不堪)
526.00,折叠刀（★） | 狩猎网格 (久经沙场)
548.40,折叠刀（★） | 狩猎网格 (战痕累累)
550.00,折叠刀（★） | 狩猎网格 (略有磨损)
1109.01,折叠刀（★） | 自动化 (久经沙场)
2195.80,折叠刀（★） | 自动化 (崭新出厂)
940.00,折叠刀（★） | 自动化 (战痕累累)
1350.00,折叠刀（★） | 自动化 (略有磨损)
784.81,折叠刀（★） | 自由之手 (久经沙场)
897.69,折叠刀（★） | 自由之手 (崭新出厂)
850.00,折叠刀（★） | 自由之手 (略有磨损)
990.00,折叠刀（★） | 致命紫罗兰 (略有磨损)
680.00,折叠刀（★） | 致命紫罗兰 (破损不堪)
688.12,折叠刀（★） | 蓝钢 (战痕累累)
691.00,折叠刀（★） | 蓝钢 (破损不堪)
1442.00,折叠刀（★） | 虎牙 (崭新出厂)
892.99,折叠刀（★） | 表面淬火 (久经沙场)
1599.00,折叠刀（★） | 表面淬火 (崭新出厂)
1050.00,折叠刀（★） | 表面淬火 (略有磨损)
827.84,折叠刀（★） | 表面淬火 (破损不堪)
546.00,折叠刀（★） | 都市伪装 (战痕累累)
788.88,折叠刀（★） | 黑色层压板 (久经沙场)
1200.00,折叠刀（★） | 黑色层压板 (崭新出厂)
769.00,折叠刀（★） | 黑色层压板 (战痕累累)
815.00,折叠刀（★） | 黑色层压板 (略有磨损)
752.99,折叠刀（★） | 黑色层压板 (破损不堪)
888.00,暗影双匕（★ StatTrak™） | 传说 (战痕累累)
1100.00,暗影双匕（★ StatTrak™） | 伽玛多普勒 (崭新出厂)
375.00,暗影双匕（★ StatTrak™） | 外表生锈 (战痕累累)
579.99,暗影双匕（★ StatTrak™） | 大马士革钢 (久经沙场)
1197.00,暗影双匕（★ StatTrak™） | 渐变之色 (崭新出厂)
799.00,暗影双匕（★ StatTrak™） | 澄澈之水 (久经沙场)
455.00,暗影双匕（★ StatTrak™） | 致命紫罗兰 (久经沙场)
700.00,暗影双匕（★ StatTrak™） | 黑色层压板 (略有磨损)
389.00,暗影双匕（★） | 人工染色 (久经沙场)
420.00,暗影双匕（★） | 人工染色 (略有磨损)
428.64,暗影双匕（★） | 人工染色 (破损不堪)
625.00,暗影双匕（★） | 传说 (久经沙场)
749.50,暗影双匕（★） | 传说 (略有磨损)
755.00,暗影双匕（★） | 伽玛多普勒 (崭新出厂)
400.00,暗影双匕（★） | 噩梦之夜 (久经沙场)
455.00,暗影双匕（★） | 噩梦之夜 (略有磨损)
342.99,暗影双匕（★） | 外表生锈 (战痕累累)
376.42,暗影双匕（★） | 外表生锈 (破损不堪)
719.00,暗影双匕（★） | 多普勒 (崭新出厂)
393.42,暗影双匕（★） | 大马士革钢 (久经沙场)
498.50,暗影双匕（★） | 大马士革钢 (崭新出厂)
425.00,暗影双匕（★） | 大马士革钢 (略有磨损)
687.68,暗影双匕（★） | 屠夫 (崭新出厂)
590.00,暗影双匕（★） | 屠夫 (略有磨损)
400.00,暗影双匕（★） | 枯焦之色 (战痕累累)
351.00,暗影双匕（★） | 森林 DDPAT (久经沙场)
504.99,暗影双匕（★） | 深红之网 (久经沙场)
998.00,暗影双匕（★） | 深红之网 (略有磨损)
969.50,暗影双匕（★） | 渐变之色 (崭新出厂)
663.00,暗影双匕（★） | 渐变大理石 (崭新出厂)
850.00,暗影双匕（★） | 渐变大理石 (略有磨损)
436.80,暗影双匕（★） | 澄澈之水 (崭新出厂)
420.00,暗影双匕（★） | 澄澈之水 (略有磨损)
344.50,暗影双匕（★） | 狩猎网格 (久经沙场)
398.70,暗影双匕（★） | 狩猎网格 (略有磨损)
450.00,暗影双匕（★） | 自动化 (久经沙场)
510.00,暗影双匕（★） | 自动化 (略有磨损)
460.00,暗影双匕（★） | 自由之手 (久经沙场)
520.00,暗影双匕（★） | 自由之手 (崭新出厂)
400.00,暗影双匕（★） | 致命紫罗兰 (久经沙场)
468.90,暗影双匕（★） | 致命紫罗兰 (略有磨损)
589.00,暗影双匕（★） | 虎牙 (崭新出厂)
525.00,暗影双匕（★） | 表面淬火 (久经沙场)
489.90,暗影双匕（★） | 表面淬火 (战痕累累)
610.00,暗影双匕（★） | 表面淬火 (略有磨损)
354.00,暗影双匕（★） | 都市伪装 (战痕累累)
400.00,暗影双匕（★） | 黑色层压板 (久经沙场)
420.00,暗影双匕（★） | 黑色层压板 (略有磨损)
660.00,求生匕首（★ StatTrak™） | 人工染色 (久经沙场)
480.00,求生匕首（★ StatTrak™） | 北方森林 (久经沙场)
510.00,求生匕首（★ StatTrak™） | 森林 DDPAT (久经沙场)
2050.00,求生匕首（★ StatTrak™） | 渐变之色 (崭新出厂)
680.00,求生匕首（★ StatTrak™） | 狩猎网格 (久经沙场)
550.00,求生匕首（★ StatTrak™） | 狩猎网格 (略有磨损)
565.00,求生匕首（★） | 人工染色 (久经沙场)
615.00,求生匕首（★） | 人工染色 (略有磨损)
520.13,求生匕首（★） | 人工染色 (破损不堪)
433.26,求生匕首（★） | 北方森林 (久经沙场)
505.00,求生匕首（★） | 北方森林 (略有磨损)
518.70,求生匕首（★） | 夜色 (久经沙场)
487.04,求生匕首（★） | 夜色 (战痕累累)
620.00,求生匕首（★） | 夜色 (略有磨损)
1436.40,求生匕首（★） | 屠夫 (崭新出厂)
1225.00,求生匕首（★） | 屠夫 (略有磨损)
413.00,求生匕首（★） | 枯焦之色 (战痕累累)
500.00,求生匕首（★） | 枯焦之色 (略有磨损)
430.00,求生匕首（★） | 枯焦之色 (破损不堪)
445.60,求生匕首（★） | 森林 DDPAT (久经沙场)
430.00,求生匕首（★） | 森林 DDPAT (战痕累累)
470.00,求生匕首（★） | 森林 DDPAT (略有磨损)
1160.00,求生匕首（★） | 深红之网 (久经沙场)
199999.00,求生匕首（★） | 深红之网 (崭新出厂)
1998.00,求生匕首（★） | 深红之网 (略有磨损)
1150.00,求生匕首（★） | 深红之网 (破损不堪)
2011.11,求生匕首（★） | 渐变之色 (崭新出厂)
408.00,求生匕首（★） | 狩猎网格 (久经沙场)
558.00,求生匕首（★） | 蓝钢 (久经沙场)
543.62,求生匕首（★） | 蓝钢 (破损不堪)
640.00,求生匕首（★） | 表面淬火 (战痕累累)
955.16,求生匕首（★） | 表面淬火 (略有磨损)
720.00,求生匕首（★） | 表面淬火 (破损不堪)
447.00,求生匕首（★） | 都市伪装 (久经沙场)
420.00,求生匕首（★） | 都市伪装 (战痕累累)
510.00,求生匕首（★） | 都市伪装 (略有磨损)
441.61,求生匕首（★） | 都市伪装 (破损不堪)
1099.00,流浪者匕首（★ StatTrak™） | 人工染色 (久经沙场)
1297.70,流浪者匕首（★ StatTrak™） | 人工染色 (略有磨损)
1099.00,流浪者匕首（★ StatTrak™） | 夜色 (略有磨损)
650.00,流浪者匕首（★ StatTrak™） | 枯焦之色 (久经沙场)
650.00,流浪者匕首（★ StatTrak™） | 森林 DDPAT (久经沙场)
4882.11,流浪者匕首（★ StatTrak™） | 深红之网 (略有磨损)
4558.00,流浪者匕首（★ StatTrak™） | 渐变之色 (崭新出厂)
679.00,流浪者匕首（★ StatTrak™） | 狩猎网格 (久经沙场)
1400.00,流浪者匕首（★ StatTrak™） | 表面淬火 (破损不堪)
694.00,流浪者匕首（★ StatTrak™） | 都市伪装 (久经沙场)
666.66,流浪者匕首（★ StatTrak™） | 都市伪装 (战痕累累)
1150.00,流浪者匕首（★） | 人工染色 (久经沙场)
1302.70,流浪者匕首（★） | 人工染色 (略有磨损)
950.00,流浪者匕首（★） | 人工染色 (破损不堪)
690.00,流浪者匕首（★） | 北方森林 (久经沙场)
595.00,流浪者匕首（★） | 北方森林 (战痕累累)
653.00,流浪者匕首（★） | 夜色 (战痕累累)
1980.00,流浪者匕首（★） | 屠夫 (久经沙场)
2380.00,流浪者匕首（★） | 屠夫 (崭新出厂)
2098.58,流浪者匕首（★） | 屠夫 (略有磨损)
589.90,流浪者匕首（★） | 枯焦之色 (久经沙场)
580.00,流浪者匕首（★） | 枯焦之色 (战痕累累)
675.00,流浪者匕首（★） | 枯焦之色 (略有磨损)
590.00,流浪者匕首（★） | 枯焦之色 (破损不堪)
611.99,流浪者匕首（★） | 森林 DDPAT (久经沙场)
578.34,流浪者匕首（★） | 森林 DDPAT (战痕累累)
742.00,流浪者匕首（★） | 森林 DDPAT (略有磨损)
600.00,流浪者匕首（★） | 森林 DDPAT (破损不堪)
2129.99,流浪者匕首（★） | 深红之网 (久经沙场)
1219.00,流浪者匕首（★） | 深红之网 (战痕累累)
1765.00,流浪者匕首（★） | 深红之网 (破损不堪)
4450.00,流浪者匕首（★） | 渐变之色 (崭新出厂)
4540.00,流浪者匕首（★） | 渐变之色 (略有磨损)
584.60,流浪者匕首（★） | 狩猎网格 (久经沙场)
565.00,流浪者匕首（★） | 狩猎网格 (战痕累累)
619.00,流浪者匕首（★） | 狩猎网格 (略有磨损)
630.00,流浪者匕首（★） | 狩猎网格 (破损不堪)
1240.00,流浪者匕首（★） | 蓝钢 (久经沙场)
1425.00,流浪者匕首（★） | 蓝钢 (略有磨损)
1077.00,流浪者匕首（★） | 蓝钢 (破损不堪)
1480.00,流浪者匕首（★） | 表面淬火 (久经沙场)
3699.00,流浪者匕首（★） | 表面淬火 (崭新出厂)
1197.80,流浪者匕首（★） | 表面淬火 (战痕累累)
675.00,流浪者匕首（★） | 都市伪装 (久经沙场)
590.00,流浪者匕首（★） | 都市伪装 (战痕累累)
885.00,流浪者匕首（★） | 都市伪装 (略有磨损)
640.00,流浪者匕首（★） | 都市伪装 (破损不堪)
673.15,海豹短刀（★ StatTrak™） | 人工染色 (破损不堪)
699.00,海豹短刀（★ StatTrak™） | 北方森林 (久经沙场)
946.60,海豹短刀（★ StatTrak™） | 夜色 (久经沙场)
539.00,海豹短刀（★ StatTrak™） | 森林 DDPAT (久经沙场)
1400.00,海豹短刀（★ StatTrak™） | 深红之网 (久经沙场)
1400.00,海豹短刀（★ StatTrak™） | 表面淬火 (久经沙场)
3999.00,海豹短刀（★ StatTrak™） | 表面淬火 (略有磨损)
616.66,海豹短刀（★） | 人工染色 (久经沙场)
945.00,海豹短刀（★） | 人工染色 (崭新出厂)
684.50,海豹短刀（★） | 人工染色 (略有磨损)
526.78,海豹短刀（★） | 北方森林 (久经沙场)
528.44,海豹短刀（★） | 北方森林 (战痕累累)
545.00,海豹短刀（★） | 北方森林 (略有磨损)
628.00,海豹短刀（★） | 夜色 (久经沙场)
730.00,海豹短刀（★） | 夜色 (战痕累累)
699.00,海豹短刀（★） | 夜色 (略有磨损)
830.00,海豹短刀（★） | 夜色 (破损不堪)
1396.60,海豹短刀（★） | 屠夫 (久经沙场)
1709.00,海豹短刀（★） | 屠夫 (崭新出厂)
1310.00,海豹短刀（★） | 屠夫 (略有磨损)
539.99,海豹短刀（★） | 枯焦之色 (久经沙场)
520.00,海豹短刀（★） | 枯焦之色 (战痕累累)
535.00,海豹短刀（★） | 枯焦之色 (略有磨损)
631.46,海豹短刀（★） | 枯焦之色 (破损不堪)
514.18,海豹短刀（★） | 森林 DDPAT (久经沙场)
515.00,海豹短刀（★） | 森林 DDPAT (战痕累累)
517.00,海豹短刀（★） | 森林 DDPAT (略有磨损)
600.00,海豹短刀（★） | 森林 DDPAT (破损不堪)
1351.00,海豹短刀（★） | 深红之网 (久经沙场)
1165.83,海豹短刀（★） | 深红之网 (战痕累累)
1480.00,海豹短刀（★） | 深红之网 (略有磨损)
2789.77,海豹短刀（★） | 渐变之色 (崭新出厂)
497.00,海豹短刀（★） | 狩猎网格 (久经沙场)
493.52,海豹短刀（★） | 狩猎网格 (战痕累累)
515.00,海豹短刀（★） | 狩猎网格 (略有磨损)
511.94,海豹短刀（★） | 狩猎网格 (破损不堪)
629.99,海豹短刀（★） | 蓝钢 (破损不堪)
903.99,海豹短刀（★） | 表面淬火 (久经沙场)
1885.11,海豹短刀（★） | 表面淬火 (崭新出厂)
798.99,海豹短刀（★） | 表面淬火 (战痕累累)
785.00,海豹短刀（★） | 表面淬火 (破损不堪)
507.00,海豹短刀（★） | 都市伪装 (久经沙场)
521.00,海豹短刀（★） | 都市伪装 (略有磨损)
540.00,海豹短刀（★） | 都市伪装 (破损不堪)
800.00,熊刀（★ StatTrak™） | 人工染色 (略有磨损)
680.00,熊刀（★ StatTrak™） | 北方森林 (久经沙场)
568.00,熊刀（★ StatTrak™） | 外表生锈 (战痕累累)
631.23,熊刀（★ StatTrak™） | 夜色 (战痕累累)
707.08,熊刀（★ StatTrak™） | 大马士革钢 (久经沙场)
500.00,熊刀（★ StatTrak™） | 枯焦之色 (久经沙场)
530.00,熊刀（★ StatTrak™） | 森林 DDPAT (久经沙场)
1300.00,熊刀（★ StatTrak™） | 深红之网 (久经沙场)
1199.00,熊刀（★ StatTrak™） | 深红之网 (战痕累累)
1810.00,熊刀（★ StatTrak™） | 渐变大理石 (崭新出厂)
822.00,熊刀（★ StatTrak™） | 致命紫罗兰 (久经沙场)
1095.80,熊刀（★ StatTrak™） | 表面淬火 (久经沙场)
570.00,熊刀（★） | 人工染色 (久经沙场)
620.00,熊刀（★） | 人工染色 (略有磨损)
540.00,熊刀（★） | 人工染色 (破损不堪)
476.50,熊刀（★） | 北方森林 (久经沙场)
501.49,熊刀（★） | 外表生锈 (战痕累累)
1567.44,熊刀（★） | 多普勒 (崭新出厂)
559.00,熊刀（★） | 夜色 (久经沙场)
488.52,熊刀（★） | 夜色 (战痕累累)
695.21,熊刀（★） | 夜色 (略有磨损)
578.00,熊刀（★） | 大马士革钢 (久经沙场)
737.00,熊刀（★） | 大马士革钢 (崭新出厂)
689.00,熊刀（★） | 大马士革钢 (略有磨损)
1397.60,熊刀（★） | 屠夫 (久经沙场)
1438.00,熊刀（★） | 屠夫 (略有磨损)
469.06,熊刀（★） | 枯焦之色 (久经沙场)
467.56,熊刀（★） | 枯焦之色 (战痕累累)
501.49,熊刀（★） | 枯焦之色 (略有磨损)
470.00,熊刀（★） | 枯焦之色 (破损不堪)
476.00,熊刀（★） | 森林 DDPAT (久经沙场)
540.00,熊刀（★） | 森林 DDPAT (略有磨损)
508.48,熊刀（★） | 森林 DDPAT (破损不堪)
1328.50,熊刀（★） | 深红之网 (久经沙场)
888.88,熊刀（★） | 深红之网 (战痕累累)
2145.00,熊刀（★） | 深红之网 (略有磨损)
1255.00,熊刀（★） | 深红之网 (破损不堪)
2424.00,熊刀（★） | 渐变之色 (崭新出厂)
2400.00,熊刀（★） | 渐变之色 (略有磨损)
1727.27,熊刀（★） | 渐变大理石 (崭新出厂)
463.45,熊刀（★） | 狩猎网格 (久经沙场)
485.00,熊刀（★） | 狩猎网格 (略有磨损)
477.00,熊刀（★） | 狩猎网格 (破损不堪)
729.94,熊刀（★） | 致命紫罗兰 (久经沙场)
578.24,熊刀（★） | 致命紫罗兰 (战痕累累)
1037.96,熊刀（★） | 致命紫罗兰 (略有磨损)
710.00,熊刀（★） | 致命紫罗兰 (破损不堪)
595.00,熊刀（★） | 蓝钢 (久经沙场)
580.00,熊刀（★） | 蓝钢 (战痕累累)
676.50,熊刀（★） | 蓝钢 (略有磨损)
1369.00,熊刀（★） | 虎牙 (崭新出厂)
1330.00,熊刀（★） | 虎牙 (略有磨损)
826.00,熊刀（★） | 表面淬火 (久经沙场)
1998.00,熊刀（★） | 表面淬火 (崭新出厂)
1064.90,熊刀（★） | 表面淬火 (略有磨损)
750.00,熊刀（★） | 表面淬火 (破损不堪)
519.25,熊刀（★） | 都市伪装 (久经沙场)
645.00,熊刀（★） | 都市伪装 (略有磨损)
6588.00,爪子刀（★ StatTrak™） | 伽玛多普勒 (崭新出厂)
2100.00,爪子刀（★ StatTrak™） | 外表生锈 (战痕累累)
4349.00,爪子刀（★ StatTrak™） | 多普勒 (崭新出厂)
1647.35,爪子刀（★ StatTrak™） | 森林 DDPAT (久经沙场)
2300.00,爪子刀（★ StatTrak™） | 澄澈之水 (久经沙场)
2992.00,爪子刀（★ StatTrak™） | 澄澈之水 (崭新出厂)
1717.28,爪子刀（★ StatTrak™） | 狩猎网格 (久经沙场)
4400.00,爪子刀（★ StatTrak™） | 自动化 (久经沙场)
5793.20,爪子刀（★ StatTrak™） | 自动化 (略有磨损)
2374.47,爪子刀（★ StatTrak™） | 致命紫罗兰 (久经沙场)
4777.00,爪子刀（★ StatTrak™） | 虎牙 (崭新出厂)
3600.00,爪子刀（★ StatTrak™） | 黑色层压板 (略有磨损)
3000.00,爪子刀（★ StatTrak™） | 黑色层压板 (破损不堪)
2295.00,爪子刀（★） | 人工染色 (久经沙场)
2350.00,爪子刀（★） | 人工染色 (略有磨损)
2080.00,爪子刀（★） | 人工染色 (破损不堪)
3840.00,爪子刀（★） | 传说 (久经沙场)
9874.20,爪子刀（★） | 传说 (崭新出厂)
6511.00,爪子刀（★） | 传说 (略有磨损)
5009.50,爪子刀（★） | 伽玛多普勒 (崭新出厂)
4840.00,爪子刀（★） | 伽玛多普勒 (略有磨损)
1810.00,爪子刀（★） | 北方森林 (久经沙场)
1575.00,爪子刀（★） | 北方森林 (战痕累累)
2030.00,爪子刀（★） | 北方森林 (略有磨损)
2090.00,爪子刀（★） | 噩梦之夜 (久经沙场)
1899.99,爪子刀（★） | 外表生锈 (战痕累累)
1979.99,爪子刀（★） | 外表生锈 (破损不堪)
4113.00,爪子刀（★） | 多普勒 (崭新出厂)
4687.00,爪子刀（★） | 多普勒 (略有磨损)
2611.38,爪子刀（★） | 大马士革钢 (久经沙场)
3325.90,爪子刀（★） | 大马士革钢 (崭新出厂)
2977.02,爪子刀（★） | 大马士革钢 (略有磨损)
4800.00,爪子刀（★） | 屠夫 (崭新出厂)
3800.00,爪子刀（★） | 屠夫 (略有磨损)
1722.42,爪子刀（★） | 枯焦之色 (久经沙场)
1643.00,爪子刀（★） | 枯焦之色 (略有磨损)
1607.39,爪子刀（★） | 森林 DDPAT (久经沙场)
1749.00,爪子刀（★） | 森林 DDPAT (略有磨损)
3274.99,爪子刀（★） | 深红之网 (久经沙场)
2884.11,爪子刀（★） | 深红之网 (战痕累累)
8687.91,爪子刀（★） | 渐变之色 (崭新出厂)
8300.00,爪子刀（★） | 渐变之色 (略有磨损)
5889.00,爪子刀（★） | 渐变大理石 (崭新出厂)
5948.04,爪子刀（★） | 渐变大理石 (略有磨损)
2250.00,爪子刀（★） | 澄澈之水 (久经沙场)
2865.00,爪子刀（★） | 澄澈之水 (崭新出厂)
1997.00,爪子刀（★） | 澄澈之水 (战痕累累)
2510.00,爪子刀（★） | 澄澈之水 (略有磨损)
1600.00,爪子刀（★） | 狩猎网格 (久经沙场)
1625.00,爪子刀（★） | 狩猎网格 (略有磨损)
4340.00,爪子刀（★） | 自动化 (久经沙场)
8180.00,爪子刀（★） | 自动化 (崭新出厂)
3080.00,爪子刀（★） | 自动化 (战痕累累)
5450.00,爪子刀（★） | 自动化 (略有磨损)
2354.00,爪子刀（★） | 自由之手 (久经沙场)
2799.00,爪子刀（★） | 自由之手 (崭新出厂)
2555.00,爪子刀（★） | 自由之手 (略有磨损)
2249.00,爪子刀（★） | 致命紫罗兰 (久经沙场)
1916.08,爪子刀（★） | 致命紫罗兰 (战痕累累)
2435.00,爪子刀（★） | 蓝钢 (久经沙场)
2300.00,爪子刀（★） | 蓝钢 (战痕累累)
2620.00,爪子刀（★） | 蓝钢 (略有磨损)
4429.99,爪子刀（★） | 虎牙 (崭新出厂)
3090.00,爪子刀（★） | 表面淬火 (久经沙场)
6300.00,爪子刀（★） | 表面淬火 (崭新出厂)
2498.00,爪子刀（★） | 表面淬火 (战痕累累)
3599.00,爪子刀（★） | 表面淬火 (略有磨损)
2660.00,爪子刀（★） | 表面淬火 (破损不堪)
1645.00,爪子刀（★） | 都市伪装 (战痕累累)
1950.00,爪子刀（★） | 都市伪装 (略有磨损)
3080.00,爪子刀（★） | 黑色层压板 (久经沙场)
4400.00,爪子刀（★） | 黑色层压板 (崭新出厂)
2849.00,爪子刀（★） | 黑色层压板 (战痕累累)
3400.00,爪子刀（★） | 黑色层压板 (略有磨损)
2874.00,爪子刀（★） | 黑色层压板 (破损不堪)
1430.00,猎杀者匕首（★ StatTrak™） | 传说 (久经沙场)
2000.00,猎杀者匕首（★ StatTrak™） | 多普勒 (崭新出厂)
749.00,猎杀者匕首（★ StatTrak™） | 大马士革钢 (略有磨损)
1350.00,猎杀者匕首（★ StatTrak™） | 虎牙 (崭新出厂)
1170.00,猎杀者匕首（★） | 传说 (久经沙场)
2200.00,猎杀者匕首（★） | 传说 (崭新出厂)
1382.50,猎杀者匕首（★） | 伽玛多普勒 (崭新出厂)
488.00,猎杀者匕首（★） | 北方森林 (久经沙场)
450.00,猎杀者匕首（★） | 北方森林 (战痕累累)
580.00,猎杀者匕首（★） | 北方森林 (略有磨损)
445.00,猎杀者匕首（★） | 外表生锈 (战痕累累)
1293.10,猎杀者匕首（★） | 多普勒 (崭新出厂)
565.00,猎杀者匕首（★） | 大马士革钢 (久经沙场)
693.00,猎杀者匕首（★） | 大马士革钢 (崭新出厂)
680.00,猎杀者匕首（★） | 大马士革钢 (略有磨损)
630.00,猎杀者匕首（★） | 枯焦之色 (略有磨损)
867.76,猎杀者匕首（★） | 深红之网 (久经沙场)
1450.00,猎杀者匕首（★） | 渐变之色 (崭新出厂)
1285.00,猎杀者匕首（★） | 渐变大理石 (崭新出厂)
510.00,猎杀者匕首（★） | 澄澈之水 (久经沙场)
688.00,猎杀者匕首（★） | 澄澈之水 (崭新出厂)
611.00,猎杀者匕首（★） | 澄澈之水 (略有磨损)
1098.00,猎杀者匕首（★） | 自动化 (略有磨损)
537.00,猎杀者匕首（★） | 自由之手 (久经沙场)
746.18,猎杀者匕首（★） | 自由之手 (崭新出厂)
671.00,猎杀者匕首（★） | 自由之手 (略有磨损)
486.00,猎杀者匕首（★） | 致命紫罗兰 (久经沙场)
482.53,猎杀者匕首（★） | 致命紫罗兰 (战痕累累)
675.00,猎杀者匕首（★） | 致命紫罗兰 (略有磨损)
733.03,猎杀者匕首（★） | 蓝钢 (略有磨损)
1082.70,猎杀者匕首（★） | 虎牙 (崭新出厂)
740.61,猎杀者匕首（★） | 黑色层压板 (久经沙场)
1100.00,猎杀者匕首（★） | 黑色层压板 (战痕累累)
750.00,猎杀者匕首（★） | 黑色层压板 (略有磨损)
720.00,猎杀者匕首（★） | 黑色层压板 (破损不堪)
777.94,短剑（★ StatTrak™） | 北方森林 (略有磨损)
927.14,短剑（★ StatTrak™） | 大马士革钢 (久经沙场)
1350.00,短剑（★ StatTrak™） | 大马士革钢 (崭新出厂)
900.00,短剑（★ StatTrak™） | 大马士革钢 (战痕累累)
1000.00,短剑（★ StatTrak™） | 大马士革钢 (略有磨损)
615.00,短剑（★ StatTrak™） | 森林 DDPAT (久经沙场)
2709.00,短剑（★ StatTrak™） | 渐变之色 (崭新出厂)
2050.00,短剑（★ StatTrak™） | 渐变大理石 (崭新出厂)
560.40,短剑（★ StatTrak™） | 狩猎网格 (久经沙场)
825.00,短剑（★ StatTrak™） | 致命紫罗兰 (久经沙场)
647.34,短剑（★ StatTrak™） | 致命紫罗兰 (战痕累累)
1069.00,短剑（★ StatTrak™） | 致命紫罗兰 (略有磨损)
1800.00,短剑（★ StatTrak™） | 虎牙 (崭新出厂)
1500.00,短剑（★ StatTrak™） | 表面淬火 (久经沙场)
675.00,短剑（★ StatTrak™） | 都市伪装 (久经沙场)
890.00,短剑（★） | 人工染色 (略有磨损)
548.50,短剑（★） | 北方森林 (战痕累累)
664.17,短剑（★） | 外表生锈 (战痕累累)
700.00,短剑（★） | 外表生锈 (破损不堪)
1880.00,短剑（★） | 多普勒 (崭新出厂)
1850.00,短剑（★） | 多普勒 (略有磨损)
671.00,短剑（★） | 夜色 (久经沙场)
585.00,短剑（★） | 夜色 (战痕累累)
770.00,短剑（★） | 夜色 (略有磨损)
652.00,短剑（★） | 夜色 (破损不堪)
890.00,短剑（★） | 大马士革钢 (久经沙场)
1110.66,短剑（★） | 大马士革钢 (崭新出厂)
800.00,短剑（★） | 大马士革钢 (战痕累累)
1010.00,短剑（★） | 大马士革钢 (略有磨损)
1600.00,短剑（★） | 屠夫 (久经沙场)
1899.00,短剑（★） | 屠夫 (崭新出厂)
1650.00,短剑（★） | 屠夫 (略有磨损)
551.28,短剑（★） | 枯焦之色 (久经沙场)
609.00,短剑（★） | 枯焦之色 (略有磨损)
566.87,短剑（★） | 森林 DDPAT (久经沙场)
650.00,短剑（★） | 森林 DDPAT (略有磨损)
1306.00,短剑（★） | 深红之网 (久经沙场)
888.88,短剑（★） | 深红之网 (战痕累累)
2155.00,短剑（★） | 深红之网 (略有磨损)
2749.00,短剑（★） | 渐变之色 (崭新出厂)
1985.89,短剑（★） | 渐变大理石 (崭新出厂)
559.00,短剑（★） | 狩猎网格 (久经沙场)
580.00,短剑（★） | 狩猎网格 (战痕累累)
596.00,短剑（★） | 狩猎网格 (略有磨损)
803.89,短剑（★） | 致命紫罗兰 (久经沙场)
1025.00,短剑（★） | 致命紫罗兰 (略有磨损)
800.00,短剑（★） | 致命紫罗兰 (破损不堪)
1800.00,短剑（★） | 蓝钢 (崭新出厂)
946.00,短剑（★） | 蓝钢 (略有磨损)
1664.33,短剑（★） | 虎牙 (崭新出厂)
1700.00,短剑（★） | 虎牙 (略有磨损)
1225.00,短剑（★） | 表面淬火 (久经沙场)
2230.00,短剑（★） | 表面淬火 (崭新出厂)
920.00,短剑（★） | 表面淬火 (战痕累累)
1400.00,短剑（★） | 表面淬火 (略有磨损)
1000.00,短剑（★） | 表面淬火 (破损不堪)
635.00,短剑（★） | 都市伪装 (久经沙场)
580.00,短剑（★） | 都市伪装 (战痕累累)
780.00,穿肠刀（★ StatTrak™） | 传说 (久经沙场)
688.00,穿肠刀（★ StatTrak™） | 传说 (战痕累累)
1195.80,穿肠刀（★ StatTrak™） | 传说 (略有磨损)
